City_ID,City,Lat,Lng,Max Temp,Humidity,Cloudiness,Wind Speed,Country,Date
0,Sinnamary,5.3833,-52.95,77.65,89,86,10.63,GF,2022-05-20 20:32:57
1,Atuona,-9.8,-139.0333,77.38,67,0,9.75,PF,2022-05-20 20:32:57
2,Pisco,-13.7,-76.2167,71.65,60,0,11.5,PE,2022-05-20 20:32:58
3,Touros,-5.1989,-35.4608,79.18,81,81,7.61,BR,2022-05-20 20:32:58
4,Ajdabiya,30.7554,20.2263,66.22,39,0,13.27,LY,2022-05-20 20:32:59
5,Puerto Ayora,-0.7393,-90.3518,80.56,91,53,1.99,EC,2022-05-20 20:32:59
6,Yellowknife,62.456,-114.3525,59.56,21,75,9.22,CA,2022-05-20 20:33:00
7,Hobart,-42.8794,147.3294,41.05,92,20,6.91,AU,2022-05-20 20:33:00
8,Qaanaaq,77.484,-69.3632,17.46,81,16,2.82,GL,2022-05-20 20:33:01
9,Yerbogachen,61.2767,108.0108,45.54,80,100,3.44,RU,2022-05-20 20:33:01
10,Ostrovnoy,68.0531,39.5131,31.24,66,98,6.58,RU,2022-05-20 20:33:01
11,Mozarlandia,-14.7447,-50.5706,68.02,30,33,3.87,BR,2022-05-20 20:33:02
12,Port Blair,11.6667,92.75,83.07,79,100,18.45,IN,2022-05-20 20:33:02
13,Airai,-8.9266,125.4092,57.43,90,35,4.07,TL,2022-05-20 20:33:03
14,Iracoubo,5.4802,-53.2011,77.72,88,86,10.76,GF,2022-05-20 20:33:03
15,Winslow,35.0242,-110.6974,82.58,11,0,35.68,US,2022-05-20 20:30:18
16,Sovetskiy,61.3614,63.5842,35.71,94,100,9.91,RU,2022-05-20 20:33:04
17,Arraial Do Cabo,-22.9661,-42.0278,67.86,77,20,12.66,BR,2022-05-20 20:33:05
18,Alofi,-19.0595,-169.9187,76.89,94,40,5.75,NU,2022-05-20 20:33:05
19,Dibrugarh,27.4833,94.9,68.07,94,66,2.84,IN,2022-05-20 20:33:06
20,Bethel,41.3712,-73.414,74.25,75,20,12.66,US,2022-05-20 20:32:01
21,Busselton,-33.65,115.3333,55.62,83,3,9.1,AU,2022-05-20 20:33:06
22,Fairbanks,64.8378,-147.7164,68.02,37,0,3.44,US,2022-05-20 20:29:58
23,Baruun-Urt,46.6806,113.2792,60.84,36,96,5.37,MN,2022-05-20 20:33:07
24,Salta,-24.7859,-65.4117,70.39,57,0,11.5,AR,2022-05-20 20:33:07
25,Vaini,-21.2,-175.2,77.16,83,40,4.61,TO,2022-05-20 20:33:08
26,Lady Lake,28.9175,-81.9229,86.02,65,89,11.01,US,2022-05-20 20:33:08
27,Cabinda,-5.55,12.2,76.39,82,5,7.31,AO,2022-05-20 20:33:09
28,Maurepas,48.7649,1.9292,58.62,85,0,5.75,FR,2022-05-20 20:33:09
29,Barrow,71.2906,-156.7887,32.02,93,100,11.5,US,2022-05-20 20:33:10
30,Jamestown,42.097,-79.2353,75.02,84,100,8.05,US,2022-05-20 20:30:11
31,Dong Hoi,17.4833,106.6,77.16,90,100,5.39,VN,2022-05-20 20:30:35
32,Fortuna,40.5982,-124.1573,65.86,60,20,18.41,US,2022-05-20 20:30:05
33,Muncar,-8.4333,114.3333,74.91,92,90,0.29,ID,2022-05-20 20:33:11
34,Punta Arenas,-53.15,-70.9167,42.91,87,100,4.61,CL,2022-05-20 20:33:11
35,Santa Isabel,-23.3156,-46.2214,64.11,92,7,3.2,BR,2022-05-20 20:33:12
36,Rikitea,-23.1203,-134.9692,73.09,78,100,3.76,PF,2022-05-20 20:32:30
37,Launceston,-41.45,147.1667,42.15,93,100,4.61,AU,2022-05-20 20:31:56
38,Bredasdorp,-34.5322,20.0403,51.33,78,6,4.45,ZA,2022-05-20 20:33:13
39,Birobidzhan,48.8,132.95,50.79,91,100,4.79,RU,2022-05-20 20:33:13
40,Tarakan,3.3,117.6333,78.98,84,95,5.68,ID,2022-05-20 20:33:14
41,Tuktoyaktuk,69.4541,-133.0374,41.0,65,100,4.61,CA,2022-05-20 20:33:14
42,Avarua,-21.2078,-159.775,78.85,69,75,6.91,CK,2022-05-20 20:33:15
43,Itoman,26.1247,127.6694,73.78,88,100,17.27,JP,2022-05-20 20:33:15
44,Rawlins,41.7911,-107.2387,38.35,44,100,11.5,US,2022-05-20 20:33:16
45,Tiksi,71.6872,128.8694,31.32,84,100,6.98,RU,2022-05-20 20:33:16
46,Burnie,-41.0667,145.9167,46.94,89,79,5.46,AU,2022-05-20 20:33:16
47,Bluff,-46.6,168.3333,45.81,76,100,32.86,NZ,2022-05-20 20:34:17
48,Lebu,-37.6167,-73.65,53.98,86,18,7.11,CL,2022-05-20 20:33:51
49,Terrace,54.5163,-128.6035,64.31,36,20,5.75,CA,2022-05-20 20:30:20
50,Fare,-16.7,-151.0167,80.26,72,7,10.92,PF,2022-05-20 20:34:18
51,Lavrentiya,65.5833,-171.0,35.19,95,47,7.96,RU,2022-05-20 20:34:19
52,Saskylakh,71.9167,114.0833,30.25,87,100,3.18,RU,2022-05-20 20:34:19
53,Dandong,40.1292,124.3947,53.42,91,0,2.53,CN,2022-05-20 20:34:19
54,Morros,-9.4467,-46.3003,75.56,44,28,5.55,BR,2022-05-20 20:34:20
55,Banda Aceh,5.5577,95.3222,80.38,80,100,10.29,ID,2022-05-20 20:34:21
56,Ancud,-41.8697,-73.8203,52.23,89,97,18.75,CL,2022-05-20 20:34:21
57,Mataura,-46.1927,168.8643,45.48,91,98,13.2,NZ,2022-05-20 20:34:21
58,Hithadhoo,-0.6,73.0833,82.96,73,65,9.22,MV,2022-05-20 20:34:22
59,Kumluca,36.3703,30.2869,69.67,59,7,4.14,TR,2022-05-20 20:34:23
60,Tieli,46.95,128.05,54.9,92,100,0.29,CN,2022-05-20 20:34:23
61,Luderitz,-26.6481,15.1594,52.41,73,1,10.51,NA,2022-05-20 20:34:23
62,East London,-33.0153,27.9116,61.65,73,100,9.13,ZA,2022-05-20 20:34:24
63,Codrington,-38.2667,141.9667,42.67,91,9,6.73,AU,2022-05-20 20:34:24
64,Ushuaia,-54.8,-68.3,46.06,61,20,6.91,AR,2022-05-20 20:30:23
65,Noumea,-22.2763,166.4572,77.0,99,100,18.48,NC,2022-05-20 20:34:25
66,Kavaratti,10.5669,72.642,82.27,79,99,11.07,IN,2022-05-20 20:34:25
67,Spearfish,44.4908,-103.8594,42.66,74,100,16.11,US,2022-05-20 20:34:26
68,Viedma,-40.8135,-62.9967,59.67,37,100,10.13,AR,2022-05-20 20:34:26
69,Jiaohe,43.7286,127.3447,55.54,76,92,4.9,CN,2022-05-20 20:34:27
70,Port Hardy,50.6996,-127.4199,53.6,81,20,5.75,CA,2022-05-20 20:34:27
71,Awbari,26.5921,12.7805,78.53,27,0,17.49,LY,2022-05-20 20:34:28
72,Karratha,-20.7377,116.8463,74.86,73,55,5.68,AU,2022-05-20 20:34:28
73,Georgetown,5.4112,100.3354,80.55,93,20,0.0,MY,2022-05-20 20:33:10
74,Tapes,-30.6733,-51.3958,56.21,76,0,4.54,BR,2022-05-20 20:34:29
75,Bonthe,7.5264,-12.505,79.68,83,94,7.2,SL,2022-05-20 20:34:29
76,Cholet,47.1667,-1.0,58.24,90,71,7.0,FR,2022-05-20 20:34:32
77,Bobrovka,54.047,61.7455,44.46,91,100,19.19,RU,2022-05-20 20:34:32
78,Guiyang,26.5833,106.7167,54.09,94,20,2.24,CN,2022-05-20 20:30:09
79,Sahuaripa,29.05,-109.2333,93.96,11,0,18.54,MX,2022-05-20 20:34:33
80,La Ferte-Bernard,48.1863,0.6536,64.02,87,11,1.61,FR,2022-05-20 20:34:34
81,Souillac,-20.5167,57.5167,75.58,83,40,8.05,MU,2022-05-20 20:34:34
82,Cape Town,-33.9258,18.4232,56.91,82,75,3.44,ZA,2022-05-20 20:34:34
83,Togur,58.3631,82.8265,49.82,82,52,14.38,RU,2022-05-20 20:34:35
84,Vao,-22.6667,167.4833,73.9,89,100,29.33,NC,2022-05-20 20:34:35
85,Kuching,1.55,110.3333,75.42,100,20,2.3,MY,2022-05-20 20:34:36
86,Port Alfred,-33.5906,26.891,57.18,94,100,1.99,ZA,2022-05-20 20:34:36
87,Nikolskoye,59.7035,30.7861,44.49,75,97,5.46,RU,2022-05-20 20:34:37
88,Kapaa,22.0752,-159.319,82.47,77,75,6.91,US,2022-05-20 20:34:37
89,Kruisfontein,-34.0033,24.7314,54.88,83,100,5.57,ZA,2022-05-20 20:34:38
90,Torbay,47.6666,-52.7314,52.57,54,75,10.36,CA,2022-05-20 20:34:38
91,Ketchikan,55.3422,-131.6461,59.47,58,0,11.5,US,2022-05-20 20:34:38
92,Namatanai,-3.6667,152.4333,80.19,81,37,6.04,PG,2022-05-20 20:35:39
93,Hermanus,-34.4187,19.2345,57.22,71,55,3.11,ZA,2022-05-20 20:35:39
94,Port Lincoln,-34.7333,135.8667,56.39,66,0,12.46,AU,2022-05-20 20:35:40
95,Conceicao Da Barra,-18.5933,-39.7322,68.09,67,0,6.4,BR,2022-05-20 20:35:40
96,Thompson,55.7435,-97.8558,37.56,65,100,12.66,CA,2022-05-20 20:35:41
97,Weatherford,32.7593,-97.7972,98.65,48,42,1.99,US,2022-05-20 20:32:30
98,Ribeira Grande,38.5167,-28.7,63.0,100,100,3.44,PT,2022-05-20 20:35:41
99,Nalut,30.3333,10.85,73.89,34,0,19.86,LY,2022-05-20 20:35:42
100,Bolkhov,53.4433,36.0044,46.31,74,100,8.46,RU,2022-05-20 20:35:42
101,Bandarbeyla,9.4942,50.8122,80.42,85,100,21.54,SO,2022-05-20 20:35:43
102,Necochea,-38.5473,-58.7368,53.98,56,100,8.84,AR,2022-05-20 20:35:43
103,Bairiki,1.3292,172.9752,82.4,74,20,9.22,KI,2022-05-20 20:35:44
104,Ngunguru,-35.6167,174.5,57.33,66,61,12.06,NZ,2022-05-20 20:35:44
105,Tolaga Bay,-38.3667,178.3,53.37,59,3,13.6,NZ,2022-05-20 20:35:45
106,Faanui,-16.4833,-151.75,80.29,73,19,11.61,PF,2022-05-20 20:35:45
107,Sosua,19.7667,-70.5167,98.58,74,20,16.11,DO,2022-05-20 20:35:46
108,Douentza,14.9951,-2.9517,93.33,21,60,5.75,ML,2022-05-20 20:35:46
109,Katherine,-14.4667,132.2667,70.12,68,0,3.44,AU,2022-05-20 20:35:47
110,Cayenne,4.9333,-52.3333,75.24,1,99,2.3,GF,2022-05-20 20:35:47
111,Nome,64.5011,-165.4064,62.67,39,0,14.97,US,2022-05-20 20:35:47
112,Santa Quiteria Do Maranhao,-3.5156,-42.5467,74.5,95,68,1.74,BR,2022-05-20 20:35:48
113,Dunedin,-45.8742,170.5036,47.8,65,70,15.01,NZ,2022-05-20 20:35:48
114,Chuy,-33.6971,-53.4616,53.73,72,25,5.61,UY,2022-05-20 20:35:49
115,Minab,27.1467,57.0801,80.92,50,0,0.0,IR,2022-05-20 20:35:49
116,Tazovskiy,67.4667,78.7,36.19,98,100,7.43,RU,2022-05-20 20:35:50
117,Bathsheba,13.2167,-59.5167,84.81,70,40,19.57,BB,2022-05-20 20:35:50
118,Spencer,43.1414,-95.1444,64.51,39,0,21.85,US,2022-05-20 20:35:51
119,Bolu,40.6667,31.5833,47.25,69,0,3.4,TR,2022-05-20 20:35:51
120,La Ronge,55.1001,-105.2842,48.45,27,75,18.41,CA,2022-05-20 20:35:52
121,Chokurdakh,70.6333,147.9167,34.07,100,100,7.05,RU,2022-05-20 20:35:52
122,Verkhoyansk,67.5447,133.385,38.48,68,26,3.51,RU,2022-05-20 20:35:52
123,Tashla,51.7716,52.7427,47.28,92,100,4.99,RU,2022-05-20 20:35:53
124,Victoria,22.2855,114.1577,79.95,82,9,1.99,HK,2022-05-20 20:33:26
125,Lyaskelya,61.7667,31.0167,38.88,65,98,2.73,RU,2022-05-20 20:35:54
126,Cabo San Lucas,22.8909,-109.9124,84.61,41,0,10.36,MX,2022-05-20 20:34:42
127,Adrar,20.5022,-10.0711,91.49,7,87,7.27,MR,2022-05-20 20:35:54
128,Vila Franca Do Campo,37.7167,-25.4333,63.01,81,93,5.06,PT,2022-05-20 20:35:55
129,Coxim,-18.5067,-54.76,67.28,35,0,1.61,BR,2022-05-20 20:35:55
130,Udomlya,57.8794,34.9925,36.72,73,98,4.56,RU,2022-05-20 20:35:56
131,Mayo,38.8876,-76.5119,91.78,73,40,10.36,US,2022-05-20 20:35:56
132,Westport,41.1415,-73.3579,70.86,58,74,9.69,US,2022-05-20 20:32:08
133,Maxixe,-23.8597,35.3472,72.39,89,100,9.19,MZ,2022-05-20 20:35:57
134,Gadu,17.6292,121.6105,75.18,91,100,2.1,PH,2022-05-20 20:35:57
135,Saint-Philippe,-21.3585,55.7679,72.99,82,40,11.41,RE,2022-05-20 20:35:58
136,Tuatapere,-46.1333,167.6833,45.72,82,96,18.25,NZ,2022-05-20 20:35:58
137,Tagusao,9.1924,117.8141,79.93,83,97,4.12,PH,2022-05-20 20:35:58
138,Kodiak,57.79,-152.4072,45.91,76,100,17.27,US,2022-05-20 20:35:59
139,Dikson,73.5069,80.5464,27.1,88,100,4.9,RU,2022-05-20 20:36:00
140,Suraabad,40.8192,49.4687,58.77,67,100,5.88,AZ,2022-05-20 20:37:01
141,Sangar,63.9242,127.4739,40.06,71,7,2.42,RU,2022-05-20 20:37:01
142,Tahoua,14.8888,5.2692,89.67,28,41,6.87,NE,2022-05-20 20:37:02
143,Micheweni,-4.9667,39.8333,77.58,86,81,10.18,TZ,2022-05-20 20:37:02
144,Leiva,1.9339,-77.3025,70.41,80,96,3.8,CO,2022-05-20 20:37:03
145,Upernavik,72.7868,-56.1549,29.95,80,72,11.7,GL,2022-05-20 20:37:03
146,Perelyub,51.8667,50.3667,44.42,84,100,12.48,RU,2022-05-20 20:37:04
147,Bom Jesus,-9.0744,-44.3586,82.13,42,61,3.71,BR,2022-05-20 20:37:04
148,Port-Gentil,-0.7193,8.7815,80.56,83,75,10.36,GA,2022-05-20 20:37:05
149,Ust-Ilimsk,58.0006,102.6619,53.73,93,91,2.62,RU,2022-05-20 20:37:05
150,Hailar,49.2,119.7,51.87,39,4,7.27,CN,2022-05-20 20:37:06
151,Manakara,-22.1333,48.0167,69.24,76,79,3.44,MG,2022-05-20 20:37:06
152,Havoysund,70.9963,24.6622,41.23,91,100,10.96,NO,2022-05-20 20:37:07
153,Belomorsk,64.5232,34.7668,33.06,71,94,4.05,RU,2022-05-20 20:37:07
154,Khatanga,71.9667,102.5,31.17,83,100,10.2,RU,2022-05-20 20:37:08
155,Albany,42.6001,-73.9662,78.89,59,98,1.99,US,2022-05-20 20:37:08
156,Kurush,41.2841,47.8345,26.76,98,100,1.54,RU,2022-05-20 20:37:09
157,Castro,-24.7911,-50.0119,48.69,74,0,3.91,BR,2022-05-20 20:37:09
158,Ambon,-3.6954,128.1814,75.34,94,40,2.3,ID,2022-05-20 20:37:10
159,Antalaha,-14.9003,50.2788,71.26,89,25,8.66,MG,2022-05-20 20:37:10
160,Grindavik,63.8424,-22.4338,53.55,76,75,6.91,IS,2022-05-20 20:37:10
161,Clyde River,70.4692,-68.5914,25.03,80,100,10.36,CA,2022-05-20 20:37:11
162,Guayabal,5.031,-74.8868,85.3,68,49,4.36,CO,2022-05-20 20:37:11
163,Flin Flon,54.7682,-101.865,37.24,56,100,10.36,CA,2022-05-20 20:37:12
164,West Bay,19.3667,-81.4167,86.07,75,20,13.8,KY,2022-05-20 20:37:12
165,Hasaki,35.7333,140.8333,64.8,75,100,9.78,JP,2022-05-20 20:37:13
166,Deep River,46.1001,-77.4995,81.95,51,80,13.62,CA,2022-05-20 20:37:13
167,Coahuayana,18.7333,-103.6833,89.1,42,13,8.19,MX,2022-05-20 20:37:14
168,Liku,-0.7275,119.8922,74.91,92,100,1.25,ID,2022-05-20 20:37:14
169,Sisimiut,66.9395,-53.6735,38.95,54,100,6.08,GL,2022-05-20 20:37:15
170,Port Elizabeth,-33.918,25.5701,57.49,97,100,8.05,ZA,2022-05-20 20:35:27
171,Talnakh,69.4865,88.3972,42.21,83,100,8.43,RU,2022-05-20 20:37:15
172,Carutapera,-1.195,-46.02,74.88,93,100,3.22,BR,2022-05-20 20:37:16
173,Little Current,45.9793,-81.9248,62.42,81,73,17.78,CA,2022-05-20 20:37:16
174,Margate,51.3813,1.3862,54.3,83,30,5.99,GB,2022-05-20 20:37:00
175,Korla,41.7597,86.1469,73.89,27,63,11.34,CN,2022-05-20 20:37:17
176,Francisco Sa,-16.4758,-43.4883,75.34,23,55,4.83,BR,2022-05-20 20:37:18
177,Nguruka,-5.1092,31.0419,65.52,67,99,2.8,TZ,2022-05-20 20:37:18
178,Tateyama,34.9833,139.8667,67.08,80,100,8.16,JP,2022-05-20 20:37:18
179,Salalah,17.0151,54.0924,84.29,84,75,6.91,OM,2022-05-20 20:37:19
180,Pevek,69.7008,170.3133,32.92,97,79,5.48,RU,2022-05-20 20:37:19
181,Pitimbu,-7.4706,-34.8086,82.99,82,90,6.4,BR,2022-05-20 20:37:20
182,Santa Luzia,-19.7697,-43.8514,69.08,33,0,4.61,BR,2022-05-20 20:35:24
183,Masingbi,8.7833,-11.95,75.7,96,100,2.89,SL,2022-05-20 20:37:21
184,Plouzane,48.3833,-4.6167,57.52,91,75,6.91,FR,2022-05-20 20:37:21
185,Ponta Do Sol,32.6667,-17.1,68.72,83,56,1.9,PT,2022-05-20 20:37:21
186,Alghero,40.5589,8.3181,64.49,72,0,5.75,IT,2022-05-20 20:37:22
187,Skjervoy,70.0311,20.9714,39.2,75,15,8.19,NO,2022-05-20 20:37:22
188,Storm Lake,42.6411,-95.2097,66.34,39,73,21.85,US,2022-05-20 20:38:23
189,Solnechnyy,50.7214,136.6319,43.66,99,100,3.13,RU,2022-05-20 20:38:23
190,Mashpee,41.6484,-70.4811,71.92,76,0,9.22,US,2022-05-20 20:38:24
191,Bilibino,68.0546,166.4372,37.53,84,20,2.55,RU,2022-05-20 20:38:24
192,Hilo,19.7297,-155.09,93.27,78,75,8.05,US,2022-05-20 20:38:25
193,Oranjemund,-28.55,16.4333,53.26,88,0,6.24,NA,2022-05-20 20:38:25
194,Bubaque,11.2833,-15.8333,79.25,80,7,19.8,GW,2022-05-20 20:38:26
195,Butaritari,3.0707,172.7902,81.54,71,14,17.81,KI,2022-05-20 20:38:26
196,Sebastian,35.1668,-94.2669,90.9,55,11,10.16,US,2022-05-20 20:38:27
197,Namibe,-15.1961,12.1522,67.82,68,17,8.43,AO,2022-05-20 20:38:27
198,Kavieng,-2.5744,150.7967,81.99,78,93,10.85,PG,2022-05-20 20:38:27
199,Meiganga,6.5167,14.3,65.14,93,100,0.31,CM,2022-05-20 20:38:28
200,Safford,32.834,-109.7076,88.72,10,0,12.66,US,2022-05-20 20:38:28
201,Lorengau,-2.0226,147.2712,81.66,79,92,10.09,PG,2022-05-20 20:38:29
202,Havre,49.5833,0.3333,56.97,77,0,11.5,FR,2022-05-20 20:38:29
203,Arlit,18.7369,7.3853,87.89,25,50,6.76,NE,2022-05-20 20:38:31
204,Warrington,53.3925,-2.5802,57.31,82,40,11.5,GB,2022-05-20 20:38:32
205,Geraldton,-28.7667,114.6,54.01,94,0,10.36,AU,2022-05-20 20:38:33
206,Mar Del Plata,-38.0023,-57.5575,59.95,64,0,11.5,AR,2022-05-20 20:34:33
207,Mahebourg,-20.4081,57.7,76.24,83,40,8.05,MU,2022-05-20 20:38:34
208,Cordoba,-31.4135,-64.1811,74.25,25,0,10.36,AR,2022-05-20 20:35:28
209,Makakilo City,21.3469,-158.0858,80.19,88,100,4.61,US,2022-05-20 20:38:34
210,Richards Bay,-28.783,32.0377,68.14,87,74,9.37,ZA,2022-05-20 20:38:35
211,Saldanha,-33.0117,17.9442,51.85,70,2,16.31,ZA,2022-05-20 20:38:35
212,Bilma,18.6853,12.9164,91.11,13,70,8.39,NE,2022-05-20 20:38:36
213,Neiafu,-18.65,-173.9833,79.61,78,94,15.5,TO,2022-05-20 20:38:36
214,Hokitika,-42.7167,170.9667,45.82,87,98,3.15,NZ,2022-05-20 20:38:37
215,Kuryk,43.2,51.65,59.79,67,100,20.29,KZ,2022-05-20 20:38:37
216,Mitu,1.1983,-70.1733,79.68,73,57,2.35,CO,2022-05-20 20:38:38
217,Husavik,66.0449,-17.3389,51.98,66,91,7.47,IS,2022-05-20 20:38:38
218,Gigmoto,13.7796,124.39,80.37,85,100,8.61,PH,2022-05-20 20:38:39
219,Cornwall,45.0181,-74.7281,84.16,47,0,16.11,CA,2022-05-20 20:38:39
220,Najran,17.4924,44.1277,79.45,13,4,2.57,SA,2022-05-20 20:36:39
221,Altay,47.8667,88.1167,58.05,54,5,7.52,CN,2022-05-20 20:38:40
222,Carnarvon,-24.8667,113.6333,68.67,65,0,13.33,AU,2022-05-20 20:38:40
223,Albania,41.0,20.0,61.75,65,5,3.13,AL,2022-05-20 20:36:01
224,Okakarara,-20.5833,17.4333,43.34,22,0,7.96,NA,2022-05-20 20:38:42
225,Sao Filipe,14.8961,-24.4956,74.14,70,72,8.72,CV,2022-05-20 20:38:43
226,Kharitonovo,61.4009,47.4978,33.1,83,100,6.4,RU,2022-05-20 20:38:43
227,Kodinsk,58.6881,99.1844,50.25,73,58,2.77,RU,2022-05-20 20:38:44
228,Balkhash,46.844,74.9804,68.5,35,53,16.8,KZ,2022-05-20 20:38:44
229,Constitucion,-35.3333,-72.4167,56.52,76,0,6.33,CL,2022-05-20 20:38:44
230,Sohag,26.557,31.6948,89.89,19,100,16.6,EG,2022-05-20 20:38:45
231,Juneau,58.3019,-134.4197,64.85,67,0,10.36,US,2022-05-20 20:37:46
232,Myaundzha,63.0494,147.1858,29.19,93,99,2.73,RU,2022-05-20 20:38:46
233,Gizo,-8.103,156.8419,82.35,74,7,6.24,SB,2022-05-20 20:39:46
234,Nabire,-3.3667,135.4833,75.07,91,21,2.91,ID,2022-05-20 20:39:47
235,Calamar,10.2511,-74.9146,85.03,72,100,8.43,CO,2022-05-20 20:39:47
236,Tautira,-17.7333,-149.15,79.45,72,12,8.61,PF,2022-05-20 20:39:48
237,Tres Arroyos,-38.3739,-60.2798,53.24,52,100,7.67,AR,2022-05-20 20:39:48
238,Coihueco,-36.6167,-71.8333,59.74,59,40,6.91,CL,2022-05-20 20:39:48
239,Cherskiy,68.75,161.3,51.15,50,8,16.24,RU,2022-05-20 20:39:49
240,Kaitangata,-46.2817,169.8464,45.3,82,69,18.97,NZ,2022-05-20 20:39:49
241,Klaksvik,62.2266,-6.589,49.12,97,100,16.51,FO,2022-05-20 20:39:50
242,Krasnoturansk,54.3186,91.5639,51.53,90,57,4.76,RU,2022-05-20 20:39:50
243,Garowe,8.4054,48.4845,86.49,43,71,23.06,SO,2022-05-20 20:39:51
244,Padang,-0.9492,100.3543,76.95,87,34,3.06,ID,2022-05-20 20:39:51
245,Shelopugino,51.6514,117.5599,45.05,53,28,2.98,RU,2022-05-20 20:39:52
246,Parana,-31.732,-60.5238,66.51,63,0,7.23,AR,2022-05-20 20:39:52
247,San Cristobal,7.7669,-72.225,80.78,47,26,6.82,VE,2022-05-20 20:39:53
248,Marietta,33.9526,-84.5499,90.7,46,75,13.8,US,2022-05-20 20:39:53
249,Cinisi,38.1562,13.1073,67.21,72,0,9.22,IT,2022-05-20 20:39:53
250,Sitka,57.0531,-135.33,55.29,71,0,4.61,US,2022-05-20 20:39:54
251,Yaan,7.3833,8.5667,78.55,67,94,4.5,NG,2022-05-20 20:39:54
252,Isangel,-19.55,169.2667,78.69,84,88,21.39,VU,2022-05-20 20:39:55
253,Cascais,38.6979,-9.4215,80.46,53,0,13.8,PT,2022-05-20 20:39:55
254,Chara,56.9064,118.2631,43.09,83,77,2.84,RU,2022-05-20 20:39:56
255,Tezu,27.9167,96.1667,68.56,92,84,3.06,IN,2022-05-20 20:39:56
256,Goderich,43.7501,-81.7165,77.32,65,81,19.57,CA,2022-05-20 20:39:57
257,Jinchang,38.4953,102.1739,65.07,31,70,5.57,CN,2022-05-20 20:39:57
258,Kyra,49.5776,111.9753,52.84,49,3,4.97,RU,2022-05-20 20:39:58
259,Pimentel,-6.8367,-79.9342,73.69,60,0,19.57,PE,2022-05-20 20:39:58
260,Waipawa,-41.4122,175.5153,46.36,70,0,12.41,NZ,2022-05-20 20:39:58
261,Broome,42.2506,-75.833,79.18,50,20,14.97,US,2022-05-20 20:39:59
262,Sobolevo,54.4299,31.8996,47.5,96,100,12.26,RU,2022-05-20 20:39:59
263,Sabha,27.0377,14.4283,75.65,31,0,17.52,LY,2022-05-20 20:40:00
264,Capitan Bado,-23.2667,-55.5333,55.51,62,0,6.42,PY,2022-05-20 20:40:01
265,Martapura,-3.4167,114.85,74.55,96,100,0.6,ID,2022-05-20 20:40:01
266,Sao Felix Do Xingu,-6.6447,-51.995,75.99,74,46,1.48,BR,2022-05-20 20:40:02
267,Kulim,5.365,100.5618,80.15,90,64,2.8,MY,2022-05-20 20:40:03
268,Lensk,60.7253,114.9278,41.13,95,34,2.46,RU,2022-05-20 20:40:03
269,Norman Wells,65.282,-126.8329,55.44,44,75,6.91,CA,2022-05-20 20:40:04
270,Cap Malheureux,-19.9842,57.6142,76.46,70,10,7.0,MU,2022-05-20 20:40:04
271,Cao Bang,22.6667,106.25,68.38,96,100,0.38,VN,2022-05-20 20:36:11
272,Zeya,53.75,127.2667,46.71,75,12,2.95,RU,2022-05-20 20:40:05
273,Atbasar,51.8,68.3333,57.76,66,100,10.31,KZ,2022-05-20 20:40:06
274,Pulandian,39.3953,121.9669,56.37,89,5,5.26,CN,2022-05-20 20:40:06
275,Ahuimanu,21.4447,-157.8378,81.36,84,40,9.22,US,2022-05-20 20:40:07
276,Kenai,60.5544,-151.2583,68.02,32,0,16.11,US,2022-05-20 20:40:07
277,Imphal,24.8167,93.95,65.62,90,84,2.04,IN,2022-05-20 20:39:19
278,Aguililla,18.7333,-102.7333,95.18,18,33,3.94,MX,2022-05-20 20:40:08
279,Tilichiki,60.4667,166.1,37.54,88,100,2.55,RU,2022-05-20 20:40:08
280,Mount Gambier,-37.8333,140.7667,39.11,100,14,0.0,AU,2022-05-20 20:40:09
281,Viseu,40.661,-7.9097,75.11,40,100,6.4,PT,2022-05-20 20:41:09
282,Iqaluit,63.7506,-68.5145,29.93,92,100,11.5,CA,2022-05-20 20:41:10
283,Dongsheng,39.8161,109.9776,61.02,37,61,6.78,CN,2022-05-20 20:41:10
284,Coihaique,-45.5752,-72.0662,48.15,93,75,4.61,CL,2022-05-20 20:41:11
285,Severo-Kurilsk,50.6789,156.125,43.36,89,100,9.08,RU,2022-05-20 20:41:11
286,Coquimbo,-29.9533,-71.3436,65.93,68,0,12.66,CL,2022-05-20 20:41:12
287,Tsaratanana,-16.7833,47.65,70.75,74,94,9.78,MG,2022-05-20 20:41:12
288,Jinji,23.2281,110.8261,72.27,96,90,2.01,CN,2022-05-20 20:41:13
289,Merauke,-8.4667,140.3333,77.04,82,10,9.8,ID,2022-05-20 20:41:14
290,Henties Bay,-22.116,14.2845,56.59,80,0,18.92,NA,2022-05-20 20:41:14
291,Itarema,-2.9248,-39.9167,78.48,85,100,6.67,BR,2022-05-20 20:41:15
292,Gorontalo,0.5412,123.0595,75.4,93,100,1.54,ID,2022-05-20 20:37:15
293,Taybad,34.74,60.7756,73.67,26,0,5.84,IR,2022-05-20 20:41:15
294,Magadan,59.5667,150.8,34.54,98,100,20.51,RU,2022-05-20 20:41:16
295,Carballo,43.213,-8.691,67.42,89,65,5.12,ES,2022-05-20 20:41:16
296,Port Augusta,-32.5,137.7667,47.84,72,0,7.25,AU,2022-05-20 20:41:17
297,Price,39.5994,-110.8107,51.12,32,75,25.32,US,2022-05-20 20:41:17
298,Vryburg,-26.9566,24.7284,46.87,85,73,14.47,ZA,2022-05-20 20:41:18
299,Lata,40.1629,-8.3327,71.13,52,100,1.21,PT,2022-05-20 20:41:18
300,Ambilobe,-13.2,49.05,70.0,82,20,4.21,MG,2022-05-20 20:41:19
301,Wesselsbron,-27.8549,26.3658,48.67,88,100,14.09,ZA,2022-05-20 20:41:19
302,Yumen,40.2833,97.2,63.25,27,2,8.52,CN,2022-05-20 20:41:20
303,Nisia Floresta,-6.0911,-35.2086,85.01,86,68,6.22,BR,2022-05-20 20:41:20
304,Vaitape,-16.5167,-151.75,80.28,73,19,11.7,PF,2022-05-20 20:41:20
305,Bambous Virieux,-20.3428,57.7575,76.21,83,40,8.05,MU,2022-05-20 20:41:21
306,Vostok,46.4856,135.8833,53.01,69,57,4.59,RU,2022-05-20 20:41:21
307,Tasiilaq,65.6145,-37.6368,37.56,73,17,5.08,GL,2022-05-20 20:41:22
308,Hamilton,39.1834,-84.5333,89.22,51,0,20.71,US,2022-05-20 20:39:45
309,Mildura,-34.2,142.15,46.08,84,73,12.06,AU,2022-05-20 20:41:22
310,Dubuque,42.4833,-90.8668,66.79,68,100,13.8,US,2022-05-20 20:40:10
311,Nanortalik,60.1432,-45.2371,38.88,81,42,6.4,GL,2022-05-20 20:41:24
312,Cerro Largo,-28.1486,-54.7381,53.65,72,0,4.32,BR,2022-05-20 20:41:24
313,Longyearbyen,78.2186,15.6401,33.64,69,75,3.44,SJ,2022-05-20 20:41:25
314,Pacific Grove,36.6177,-121.9166,74.01,65,0,14.0,US,2022-05-20 20:41:25
315,Coroata,-4.13,-44.1242,74.34,97,100,2.28,BR,2022-05-20 20:41:25
316,Esperance,-33.8667,121.9,61.34,69,67,7.29,AU,2022-05-20 20:41:26
317,Douglas,41.3,-96.167,70.52,35,100,14.97,US,2022-05-20 20:41:26
318,Port Hedland,-20.3167,118.5667,73.45,100,100,5.75,AU,2022-05-20 20:41:27
319,Puerto Escondido,15.85,-97.0667,88.36,50,100,14.58,MX,2022-05-20 20:41:27
320,Aklavik,68.2191,-135.0107,50.0,46,75,3.44,CA,2022-05-20 20:41:28
321,Yeniseysk,58.4497,92.1703,50.47,71,44,5.12,RU,2022-05-20 20:41:28
322,Nemuro,43.3236,145.575,47.59,91,1,6.51,JP,2022-05-20 20:41:29
323,Mitsamiouli,-11.3847,43.2844,79.54,70,13,5.55,KM,2022-05-20 20:41:29
324,Kuala Terengganu,5.3302,103.1408,80.55,94,20,3.44,MY,2022-05-20 20:41:30
325,Byron Bay,-28.65,153.6167,60.71,82,100,13.96,AU,2022-05-20 20:41:27
326,Gornopravdinsk,60.05,69.9,39.81,84,91,12.28,RU,2022-05-20 20:42:31
327,Colac,-38.3333,143.5833,47.84,94,1,3.0,AU,2022-05-20 20:42:31
328,Tabligbo,6.5833,1.5,79.11,84,60,6.49,TG,2022-05-20 20:42:32
329,Bowen,-20.0167,148.2333,70.99,81,98,11.5,AU,2022-05-20 20:41:49
330,Bereda,43.2686,-7.5406,59.58,96,95,5.01,ES,2022-05-20 20:42:32
331,Ler,8.3018,30.1418,79.68,64,100,3.36,SS,2022-05-20 20:42:33
332,Te Anau,-45.4167,167.7167,42.49,88,100,5.06,NZ,2022-05-20 20:42:33
333,Ransang,8.9603,117.5828,79.14,84,99,4.03,PH,2022-05-20 20:42:34
334,Kindu,-2.95,25.95,72.61,83,100,1.7,CD,2022-05-20 20:42:34
335,Dano,11.15,-3.0667,88.38,44,48,13.11,BF,2022-05-20 20:42:34
336,Hearst,49.6835,-83.6665,59.25,89,100,12.55,CA,2022-05-20 20:42:35
337,Araouane,18.9048,-3.5265,92.08,9,25,7.78,ML,2022-05-20 20:42:35
338,Guacimo,10.2104,-83.6807,80.38,88,78,4.29,CR,2022-05-20 20:42:36
339,Nara,34.6851,135.8049,66.49,52,100,0.6,JP,2022-05-20 20:42:36
340,Inhambane,-23.865,35.3833,73.69,87,100,10.87,MZ,2022-05-20 20:42:37
341,Warren,39.4334,-84.1666,88.29,50,0,19.57,US,2022-05-20 20:38:24
342,Denpasar,-8.65,115.2167,78.46,94,40,2.3,ID,2022-05-20 20:38:29
343,Yar-Sale,66.8333,70.8333,33.33,91,100,20.69,RU,2022-05-20 20:42:37
344,General Roca,-39.0333,-67.5833,62.62,30,0,25.86,AR,2022-05-20 20:42:38
345,Worland,44.0169,-107.9554,47.61,49,75,20.71,US,2022-05-20 20:39:57
346,Sai Buri,6.7013,101.6168,77.88,86,90,5.97,TH,2022-05-20 20:42:39
347,Hambantota,6.1241,81.1185,78.89,85,69,14.5,LK,2022-05-20 20:42:39
348,Deputatskiy,69.3,139.9,29.46,98,100,1.16,RU,2022-05-20 20:42:39
349,Bengkulu,-3.8004,102.2655,75.92,87,82,3.94,ID,2022-05-20 20:42:40
350,Bertoua,4.5833,13.6833,69.31,96,100,1.83,CM,2022-05-20 20:42:41
351,Guerrero Negro,27.9769,-114.0611,72.52,52,1,15.93,MX,2022-05-20 20:42:41
352,Lazaro Cardenas,17.9583,-102.2,83.79,54,93,11.16,MX,2022-05-20 20:42:42
353,Phalombe,-15.8064,35.6507,65.19,85,68,1.5,MW,2022-05-20 20:42:42
354,New Norfolk,-42.7826,147.0587,40.5,86,10,2.42,AU,2022-05-20 20:42:42
355,Columbus,39.9612,-82.9988,86.88,56,100,20.71,US,2022-05-20 20:41:03
356,Marang,5.2056,103.2059,80.51,88,97,4.54,MY,2022-05-20 20:42:43
357,Vasai,19.47,72.8,84.29,72,100,10.54,IN,2022-05-20 20:42:44
358,Itau De Minas,-20.7394,-46.7522,54.21,50,0,1.54,BR,2022-05-20 20:42:44
359,Walvis Bay,-22.9575,14.5053,55.09,71,0,6.91,NA,2022-05-20 20:42:44
360,Laja,-37.2667,-72.7,59.29,66,34,6.11,CL,2022-05-20 20:42:45
361,Jiaocheng,24.6774,116.1389,69.55,97,96,2.37,CN,2022-05-20 20:42:45
362,Atambua,-9.1061,124.8925,70.45,88,61,4.56,ID,2022-05-20 20:42:46
363,Katangli,51.7102,143.2326,35.1,89,100,10.71,RU,2022-05-20 20:42:46
364,Vestmannaeyjar,63.4427,-20.2734,50.61,81,100,7.47,IS,2022-05-20 20:42:47
365,Marsa Matruh,31.3525,27.2453,66.4,68,40,11.5,EG,2022-05-20 20:42:47
366,Moanda,-1.5575,13.2178,72.68,97,100,2.73,GA,2022-05-20 20:42:48
367,Miquelon,47.0975,-56.3814,53.6,73,40,6.6,PM,2022-05-20 20:42:48
368,Sao Joao Da Barra,-21.6403,-41.0511,73.49,67,37,11.05,BR,2022-05-20 20:42:48
369,Belmonte,-15.8631,-38.8828,70.59,59,60,8.99,BR,2022-05-20 20:42:49
370,Vila Velha,-20.3297,-40.2925,73.35,60,0,12.66,BR,2022-05-20 20:38:32
371,Kargasok,59.0556,80.8572,44.51,83,51,15.68,RU,2022-05-20 20:42:50
372,Avera,33.194,-82.5271,93.54,27,100,11.52,US,2022-05-20 20:43:50
373,Hornepayne,49.2138,-84.7705,52.34,85,100,12.28,CA,2022-05-20 20:43:51
374,Montrose,38.4166,-108.2673,29.61,71,100,7.54,US,2022-05-20 20:42:54
375,Qasigiannguit,68.8193,-51.1922,35.85,76,100,0.74,GL,2022-05-20 20:43:51
376,Genhe,50.7833,121.5167,43.88,79,8,3.87,CN,2022-05-20 20:43:52
377,Nishihara,26.1842,127.7558,73.06,88,100,17.27,JP,2022-05-20 20:43:52
378,Parsabad,39.6482,47.9174,56.32,71,100,4.05,IR,2022-05-20 20:43:53
379,Shaunavon,49.6501,-108.4181,44.38,44,100,23.47,CA,2022-05-20 20:40:59
380,Parnamirim,-5.9156,-35.2628,84.54,83,40,9.22,BR,2022-05-20 20:43:53
381,Khani,41.9563,42.9566,42.37,99,100,2.15,GE,2022-05-20 20:43:54
382,Bumba,2.1833,22.4667,72.45,94,100,3.18,CD,2022-05-20 20:43:54
383,Sao Jose Da Coroa Grande,-8.8978,-35.1478,77.23,86,74,5.1,BR,2022-05-20 20:43:55
384,Mnogovershinnyy,53.9353,139.9242,38.73,75,52,4.12,RU,2022-05-20 20:43:55
385,Shiyan,32.6475,110.7781,61.07,78,100,1.95,CN,2022-05-20 20:43:56
386,Kandi,11.1342,2.9386,86.09,49,100,4.34,BJ,2022-05-20 20:43:56
387,Shimoda,34.6667,138.95,66.42,84,100,6.11,JP,2022-05-20 20:43:56
388,Le Port,-20.9373,55.2919,75.25,58,30,3.31,RE,2022-05-20 20:43:57
389,Garden City,42.3256,-83.331,86.25,57,100,24.16,US,2022-05-20 20:43:57
390,Castle Rock,39.3722,-104.8561,38.95,94,100,8.01,US,2022-05-20 20:43:58
391,Garoua Boulai,5.8833,14.55,65.64,94,86,1.54,CM,2022-05-20 20:43:58
392,Mudon,16.2578,97.7164,77.58,91,100,15.28,MM,2022-05-20 20:43:59
393,Chudniv,50.052,28.1175,58.24,90,62,10.67,UA,2022-05-20 20:43:59
394,Linxia,35.6003,103.2064,54.5,79,100,1.57,CN,2022-05-20 20:43:59
395,Huarmey,-10.0681,-78.1522,69.64,79,22,10.87,PE,2022-05-20 20:44:00
396,Sao Raimundo Nonato,-9.0153,-42.6994,79.16,63,94,7.38,BR,2022-05-20 20:44:00
397,Provideniya,64.3833,-173.3,47.32,56,19,10.49,RU,2022-05-20 20:44:01
398,Yinchuan,38.4681,106.2731,70.83,13,100,5.95,CN,2022-05-20 20:44:01
399,Tabas,33.5959,56.9244,82.26,13,4,2.08,IR,2022-05-20 20:44:02
400,Gat,31.61,34.7642,79.39,35,98,8.01,IL,2022-05-20 20:44:02
401,Bukachacha,52.9833,116.9167,45.34,60,52,3.38,RU,2022-05-20 20:44:03
402,Tura,25.5198,90.2201,71.67,97,92,1.79,IN,2022-05-20 20:44:03
403,Nuevitas,21.5453,-77.2644,83.3,74,100,10.27,CU,2022-05-20 20:44:04
404,Krasnoselkup,65.7,82.4667,46.15,85,100,9.62,RU,2022-05-20 20:44:04
405,Pital,2.2665,-75.8044,75.47,73,49,6.49,CO,2022-05-20 20:44:04
406,Malinovoye Ozero,51.6753,79.7825,61.83,39,95,6.42,RU,2022-05-20 20:44:05
407,Kathmandu,27.7167,85.3167,62.82,94,40,3.44,NP,2022-05-20 20:43:18
408,Veinticinco De Mayo,-35.4323,-60.1727,58.26,46,57,5.59,AR,2022-05-20 20:44:06
409,Acapulco,16.8634,-99.8901,84.02,58,100,14.97,MX,2022-05-20 20:40:07
410,Pangnirtung,66.1451,-65.7125,35.37,87,100,1.14,CA,2022-05-20 20:44:07
411,Lavumisa,-27.31,31.892,63.55,97,21,4.05,SZ,2022-05-20 20:44:07
412,Santa Cruz,-17.8,-63.1667,77.05,33,6,13.8,BO,2022-05-20 20:43:30
413,Kysyl-Syr,63.8986,122.7617,42.39,68,2,2.82,RU,2022-05-20 20:44:08
414,Himberg,48.0644,16.448,74.75,57,0,10.36,AT,2022-05-20 20:44:08
415,Tukrah,32.5341,20.5791,63.73,76,0,8.32,LY,2022-05-20 20:44:09
416,Ha Giang,22.8333,104.9833,71.85,99,100,2.1,VN,2022-05-20 20:44:09
417,Labuhan,-6.8844,112.2051,76.91,90,100,7.18,ID,2022-05-20 20:44:10
418,Cidreira,-30.1811,-50.2056,57.67,74,0,5.84,BR,2022-05-20 20:44:10
419,Egvekinot,66.3167,-179.1667,38.35,70,74,2.55,RU,2022-05-20 20:44:11
420,Rio Grande,-32.035,-52.0986,66.31,64,0,4.99,BR,2022-05-20 20:44:44
421,Huejuquilla El Alto,22.6,-103.8667,86.58,11,0,21.09,MX,2022-05-20 20:45:11
422,Trapani,37.8333,12.6667,65.28,88,0,4.61,IT,2022-05-20 20:44:38
423,Innisfail,-17.5333,146.0333,71.65,92,97,6.6,AU,2022-05-20 20:45:12
424,Dudinka,69.4058,86.1778,42.62,91,100,11.1,RU,2022-05-20 20:45:13
425,Bulgan,48.8125,103.5347,57.94,46,7,0.6,MN,2022-05-20 20:45:13
426,San Patricio,28.017,-97.5169,87.69,51,32,22.37,US,2022-05-20 20:45:14
427,Klyuchi,52.2667,79.1667,62.46,44,93,6.96,RU,2022-05-20 20:45:06
428,Rundu,-17.9333,19.7667,58.1,24,0,6.82,NA,2022-05-20 20:45:15
429,Qui Nhon,13.7667,109.2333,77.45,89,100,4.32,VN,2022-05-20 20:45:15
430,Nouadhibou,20.931,-17.0347,67.98,83,42,21.85,MR,2022-05-20 20:45:05
431,Turayf,31.6725,38.6637,75.45,23,0,13.8,SA,2022-05-20 20:45:16
432,Broken Hill,-31.95,141.4333,49.28,84,100,10.54,AU,2022-05-20 20:45:16
433,Galesong,-5.3166,119.3661,77.02,83,95,6.4,ID,2022-05-20 20:45:17
434,Kijang,35.2442,129.2139,60.53,77,6,3.42,KR,2022-05-20 20:45:17
435,Malakal,9.5334,31.6605,87.87,47,97,5.55,SS,2022-05-20 20:45:17
436,North Bend,43.4065,-124.2243,63.91,75,0,24.16,US,2022-05-20 20:45:13
437,Litovko,49.2361,135.1742,47.48,97,100,4.74,RU,2022-05-20 20:45:18
438,Mecca,21.4267,39.8261,92.52,17,0,6.31,SA,2022-05-20 20:45:19
439,Cockburn Town,21.4612,-71.1419,80.64,83,98,17.83,TC,2022-05-20 20:45:19
440,Coos Bay,43.3665,-124.2179,63.99,75,0,24.16,US,2022-05-20 20:45:20
441,Atyrau,47.1167,51.8833,50.02,93,75,15.66,KZ,2022-05-20 20:45:20
442,Weyburn,49.6668,-103.8511,39.42,70,100,23.02,CA,2022-05-20 20:45:21
443,Lengshuijiang,27.6881,111.4294,62.08,96,99,1.21,CN,2022-05-20 20:45:21
444,Ilulissat,69.2167,-51.1,35.62,75,75,9.22,GL,2022-05-20 20:45:22
445,Berlevag,70.8578,29.0864,37.35,70,75,13.8,NO,2022-05-20 20:41:26
446,Ocean City,39.2776,-74.5746,77.25,86,54,4.0,US,2022-05-20 20:45:22
447,Mabaruma,8.2,-59.7833,81.16,72,24,6.58,GY,2022-05-20 20:45:23
448,Moyobamba,-6.05,-76.9667,72.95,91,54,1.97,PE,2022-05-20 20:45:23
449,Mae Hong Son,19.3003,97.9685,74.89,99,100,0.81,TH,2022-05-20 20:45:24
450,Sarkand,45.41,79.9186,61.72,45,100,5.75,KZ,2022-05-20 20:45:24
451,Vozrozhdeniye,44.5503,38.2136,53.02,90,43,4.92,RU,2022-05-20 20:45:25
452,Elesbao Veloso,-6.2019,-42.1403,73.9,93,96,3.33,BR,2022-05-20 20:45:25
453,Lolodorf,3.2333,10.7333,71.17,100,100,2.77,CM,2022-05-20 20:45:26
454,Praia Da Vitoria,38.7333,-27.0667,66.45,82,20,6.64,PT,2022-05-20 20:45:26
455,Salto,-31.3833,-57.9667,62.76,63,0,11.5,UY,2022-05-20 20:45:26
456,Recco,44.3623,9.1435,69.55,85,25,7.16,IT,2022-05-20 20:45:27
457,San Quintin,30.4833,-115.95,66.94,66,18,12.73,MX,2022-05-20 20:45:27
458,Polyarnyy,69.1989,33.4478,33.33,74,61,13.51,RU,2022-05-20 20:45:28
459,Domoni,-12.2569,44.5319,76.68,80,13,1.81,KM,2022-05-20 20:45:28
460,Montceau-Les-Mines,46.6667,4.3667,72.52,92,64,5.7,FR,2022-05-20 20:45:29
461,Manzhouli,49.6,117.4333,52.59,33,6,8.21,CN,2022-05-20 20:45:29
462,Jennings,38.7192,-90.2604,89.2,59,75,20.71,US,2022-05-20 20:45:30
463,Labrea,-7.2586,-64.7981,82.76,59,37,0.69,BR,2022-05-20 20:45:30
464,Dongying,37.4564,118.4856,69.22,41,0,7.56,CN,2022-05-20 20:45:31
465,Rodrigues Alves,-7.738,-72.6509,82.6,54,24,1.14,BR,2022-05-20 20:45:31
466,Port Keats,-14.25,129.55,72.99,56,5,8.19,AU,2022-05-20 20:45:32
467,Killybegs,54.6333,-8.45,53.31,86,17,18.57,IE,2022-05-20 20:46:32
468,Eyrarbakki,63.863,-21.1481,53.65,76,100,4.56,IS,2022-05-20 20:46:33
469,Moranbah,-22.0016,148.0466,61.3,92,100,22.08,AU,2022-05-20 20:46:33
470,Syamzha,60.0158,41.0614,27.99,87,9,3.18,RU,2022-05-20 20:46:33
471,Tiarei,-17.5333,-149.3333,84.22,73,13,9.08,PF,2022-05-20 20:46:34
472,Angoche,-16.2325,39.9086,75.25,80,7,5.95,MZ,2022-05-20 20:46:34
473,Soe,-9.8607,124.284,65.19,92,92,5.3,ID,2022-05-20 20:46:35
474,Zhangjiakou,40.81,114.8794,64.49,27,0,2.66,CN,2022-05-20 20:46:35
475,Ahipara,-35.1667,173.1667,58.82,63,99,13.53,NZ,2022-05-20 20:46:36
476,Tecolutla,20.4833,-97.0167,87.62,64,11,18.03,MX,2022-05-20 20:46:36
477,Tessalit,20.1986,1.0114,93.11,12,76,6.42,ML,2022-05-20 20:46:37
478,Mariental,-24.6333,17.9667,45.25,45,0,14.99,NA,2022-05-20 20:46:37
479,Quang Ngai,15.1167,108.8,75.61,92,100,3.51,VN,2022-05-20 20:42:25
480,Maniitsoq,65.4167,-52.9,36.86,61,100,0.22,GL,2022-05-20 20:46:38
481,Bahia Blanca,-38.7196,-62.2724,56.75,43,100,8.32,AR,2022-05-20 20:46:38
482,Maralal,1.0968,36.698,60.04,67,100,7.61,KE,2022-05-20 20:46:39
483,Odesskoye,54.2111,72.9651,53.64,56,85,5.12,RU,2022-05-20 20:46:39
484,Sorland,67.667,12.6934,46.26,98,100,11.63,NO,2022-05-20 20:46:40
485,Faya,18.3851,42.4509,71.71,15,0,8.08,SA,2022-05-20 20:46:40
486,Cucutilla,7.5394,-72.7724,75.16,59,68,5.44,CO,2022-05-20 20:46:40
487,Beaverlodge,55.2166,-119.4361,49.35,29,10,6.96,CA,2022-05-20 20:46:41
488,Feijo,-8.1642,-70.3536,83.16,57,43,1.88,BR,2022-05-20 20:46:41
489,Roald,62.5833,6.1333,54.16,87,0,12.66,NO,2022-05-20 20:46:42
490,Kendari,-3.945,122.4989,74.95,94,100,3.87,ID,2022-05-20 20:46:42
491,Samalkot,17.05,82.1833,83.68,71,100,5.97,IN,2022-05-20 20:46:43
492,Muhos,64.808,25.9931,47.98,61,89,3.18,FI,2022-05-20 20:46:43
493,Anadyr,64.75,177.4833,34.3,86,100,2.24,RU,2022-05-20 20:46:44
494,Asau,46.4333,26.4,67.12,72,77,7.31,RO,2022-05-20 20:46:44
495,Nichinan,31.6,131.3667,61.59,95,100,8.46,JP,2022-05-20 20:46:45
496,Laguna,38.421,-121.4238,81.09,15,0,25.32,US,2022-05-20 20:46:45
497,Dhidhdhoo,6.8833,73.1,83.52,77,34,16.31,MV,2022-05-20 20:46:23
498,College,64.8569,-147.8028,67.59,35,20,3.44,US,2022-05-20 20:46:46
499,Klichka,50.4457,117.996,48.61,42,2,5.82,RU,2022-05-20 20:46:46
500,Tiznit,29.5833,-9.5,66.38,78,58,2.86,MA,2022-05-20 20:46:47
501,Bettiah,26.8,84.5,80.71,63,0,11.25,IN,2022-05-20 20:46:47
502,Romilly-Sur-Seine,48.5108,3.7263,57.58,92,7,4.41,FR,2022-05-20 20:46:48
503,Honningsvag,70.9821,25.9704,40.75,65,0,11.5,NO,2022-05-20 20:46:48
504,Madimba,-10.4,40.3333,74.16,88,96,8.39,TZ,2022-05-20 20:46:49
505,Timizart,36.8,4.2667,69.31,55,0,8.03,DZ,2022-05-20 20:46:49
506,Ballina,-28.8667,153.5667,60.78,79,100,15.7,AU,2022-05-20 20:46:49
507,Limbang,4.75,115.0,77.11,89,100,2.08,MY,2022-05-20 20:46:50
508,Tamandare,-8.7597,-35.1047,77.25,85,83,3.65,BR,2022-05-20 20:46:50
509,Beyneu,45.3167,55.2,60.87,52,89,17.38,KZ,2022-05-20 20:46:51
510,Benguela,-12.5763,13.4055,70.92,77,33,1.16,AO,2022-05-20 20:46:51
511,Harnosand,62.6323,17.9379,50.02,74,37,1.14,SE,2022-05-20 20:43:21
512,Ostersund,63.1792,14.6357,55.62,58,20,10.36,SE,2022-05-20 20:46:52
513,Kisangani,0.5167,25.2,73.18,95,100,1.99,CD,2022-05-20 20:46:52
514,Quatre Cocos,-20.2078,57.7625,76.08,72,72,16.02,MU,2022-05-20 20:46:53
515,Naze,28.3667,129.4833,72.52,93,100,18.16,JP,2022-05-20 20:42:42
516,Petropavlovsk-Kamchatskiy,53.0452,158.6483,37.99,100,100,4.47,RU,2022-05-20 20:48:15
517,Yelizovo,53.1873,158.3805,39.34,100,100,4.47,RU,2022-05-20 20:48:16
518,Nampula,-15.1165,39.2666,71.55,88,0,5.75,MZ,2022-05-20 20:48:16
519,Sal Rei,16.1833,-22.9167,71.2,85,84,19.19,CV,2022-05-20 20:48:16
520,Paamiut,61.994,-49.6678,35.29,84,97,8.3,GL,2022-05-20 20:48:17
521,Nizhniy Odes,63.6445,54.856,31.95,76,100,10.22,RU,2022-05-20 20:48:18
522,Lukovetskiy,64.2956,41.9211,32.68,66,100,5.75,RU,2022-05-20 20:48:19
523,Winneba,5.3511,-0.6231,78.67,86,93,9.91,GH,2022-05-20 20:48:20
524,Lircay,-12.9896,-74.7205,56.8,56,99,4.07,PE,2022-05-20 20:48:20
525,Dingle,10.9995,122.6711,77.18,91,100,4.32,PH,2022-05-20 20:48:21
526,Danielskuil,-28.1887,23.5395,47.32,95,100,26.96,ZA,2022-05-20 20:48:21
527,Rumford,44.5537,-70.5509,59.68,67,83,8.28,US,2022-05-20 20:48:22
528,Cairns,-16.9167,145.7667,74.07,91,40,10.36,AU,2022-05-20 20:45:28
529,Kapoeta,4.7717,33.5903,84.9,37,100,11.1,SS,2022-05-20 20:48:23
530,Tual,-5.6667,132.75,83.52,69,15,17.94,ID,2022-05-20 20:48:23
531,Doka,13.5167,35.7667,90.41,33,55,14.09,SD,2022-05-20 20:48:24
532,Sladkovo,55.5284,70.3385,46.81,62,97,6.67,RU,2022-05-20 20:48:24
533,Floro,61.5996,5.0328,57.24,76,75,0.0,NO,2022-05-20 20:48:25
534,Livingstonia,-10.606,34.1063,63.07,86,76,2.46,MW,2022-05-20 20:48:25
535,Urumqi,43.801,87.6005,65.35,37,0,2.24,CN,2022-05-20 20:48:26
536,Santiago Del Estero,-27.7951,-64.2615,69.04,32,0,7.96,AR,2022-05-20 20:48:26
537,Tadine,-21.55,167.8833,74.79,91,100,23.73,NC,2022-05-20 20:48:26
538,Shache,38.4167,77.2406,70.74,37,100,17.34,CN,2022-05-20 20:48:27
539,Gimli,50.6336,-96.9907,39.22,60,100,17.27,CA,2022-05-20 20:48:27
540,Berbera,10.4396,45.0143,91.13,40,68,2.71,SO,2022-05-20 20:48:28
541,Paita,-5.0892,-81.1144,70.39,74,33,17.43,PE,2022-05-20 20:48:28
542,Takaka,-40.85,172.8,52.56,74,75,10.69,NZ,2022-05-20 20:48:29
543,Desna,50.9273,30.7605,63.86,91,54,7.56,UA,2022-05-20 20:48:29
544,Yongan,39.6957,113.6871,60.6,38,3,2.68,CN,2022-05-20 20:48:30
545,Bela,25.9333,81.9833,88.52,52,1,10.87,IN,2022-05-20 20:48:30
546,Mayor Pablo Lagerenza,-19.9309,-60.7718,73.9,21,39,5.44,PY,2022-05-20 20:48:30
547,Strezhevoy,60.7333,77.5889,42.96,85,78,14.25,RU,2022-05-20 20:44:12
548,Port Orange,29.1383,-80.9956,87.87,58,75,10.36,US,2022-05-20 20:48:31
549,Alice Springs,-23.7,133.8833,40.55,87,1,5.75,AU,2022-05-20 20:48:32
550,Bardiyah,31.7561,25.0865,63.63,61,0,5.84,LY,2022-05-20 20:48:32
551,Shirokiy,49.758,129.523,50.94,90,74,6.76,RU,2022-05-20 20:48:32
552,Carsamba,41.1989,36.7219,55.78,87,0,4.61,TR,2022-05-20 20:48:33
553,Vanimo,-2.6741,141.3028,77.49,90,48,3.94,PG,2022-05-20 20:48:33
554,Tigil,57.8,158.6667,43.66,75,98,15.79,RU,2022-05-20 20:48:34
555,Llandrindod Wells,52.2416,-3.3787,53.38,94,34,13.53,GB,2022-05-20 20:48:34
556,Owando,-0.4819,15.8999,72.93,98,100,2.26,CG,2022-05-20 20:48:35
557,Palu,-0.8917,119.8707,76.17,95,100,1.95,ID,2022-05-20 20:48:35
558,Itarantim,-15.6597,-40.0656,65.62,36,98,5.68,BR,2022-05-20 20:49:36
559,Brae,60.3964,-1.353,49.06,93,97,7.09,GB,2022-05-20 20:49:36
560,Manbij,36.5281,37.9549,64.22,29,0,12.97,SY,2022-05-20 20:49:37
561,Bassar,9.25,0.7833,73.65,93,100,3.04,TG,2022-05-20 20:49:37
562,Marquette,46.5333,-87.6335,51.33,93,100,6.02,US,2022-05-20 20:49:37
563,Tupik,54.4253,119.9327,43.56,88,71,3.11,RU,2022-05-20 20:49:38
564,Ossora,59.2353,163.0719,35.91,99,100,2.62,RU,2022-05-20 20:49:38
565,Suez,29.9737,32.5263,72.79,59,71,17.58,EG,2022-05-20 20:49:39
566,Yarada,17.65,83.2667,86.32,74,40,11.5,IN,2022-05-20 20:49:39
567,Zermatt,46.0213,7.7491,59.77,60,100,12.66,CH,2022-05-20 20:49:40
568,Lahaina,20.8783,-156.6825,84.2,78,62,2.82,US,2022-05-20 20:49:40
569,Kiunga,-6.1219,141.2906,72.0,100,47,1.86,PG,2022-05-20 20:49:41
570,Nizhniy Tsasuchey,50.5167,115.1333,51.42,36,32,5.55,RU,2022-05-20 20:49:41
571,Tabou,4.423,-7.3528,77.86,87,100,11.86,CI,2022-05-20 20:49:42
