City ID,City,Country,Date,Lat,Lng,Max Temp,Humidity,Cloudiness,city_wind,Current Description
0,Katsuura,JP,2022-06-08 19:29:48,35.1333,140.3,63.84,90,94,9.71,overcast clouds
1,Bluff,NZ,2022-06-08 19:29:49,-46.6,168.3333,39.79,86,81,11.1,broken clouds
2,Saint Anthony,US,2022-06-08 19:29:51,45.0205,-93.218,77.97,32,75,12.66,broken clouds
3,Lebu,CL,2022-06-08 19:29:52,-37.6167,-73.65,54.54,88,83,10.47,broken clouds
4,Cherskiy,RU,2022-06-08 19:29:53,68.75,161.3,54.91,57,66,12.46,broken clouds
5,Cabo San Lucas,MX,2022-06-08 19:29:54,22.8909,-109.9124,83.61,57,0,9.22,clear sky
6,Illapel,CL,2022-06-08 19:29:54,-31.6308,-71.1653,65.44,53,26,6.55,scattered clouds
7,Hobart,AU,2022-06-08 19:29:55,-42.8794,147.3294,47.05,69,100,9.22,overcast clouds
8,Chokurdakh,RU,2022-06-08 19:29:56,70.6333,147.9167,38.37,75,98,10.18,overcast clouds
9,Rikitea,PF,2022-06-08 19:29:57,-23.1203,-134.9692,72.72,64,96,14.09,overcast clouds
10,Carnarvon,AU,2022-06-08 19:29:58,-24.8667,113.6333,64.47,94,75,10.36,light rain
11,Hammerfest,NO,2022-06-08 19:29:59,70.6634,23.6821,43.25,75,75,19.57,light rain
12,Pevek,RU,2022-06-08 19:30:00,69.7008,170.3133,41.07,67,40,0.67,scattered clouds
13,Punta Arenas,CL,2022-06-08 19:30:02,-53.15,-70.9167,39.31,75,75,14.97,broken clouds
14,Yellowknife,CA,2022-06-08 19:30:04,62.456,-114.3525,70.32,35,20,11.5,few clouds
15,Ushuaia,AR,2022-06-08 19:30:05,-54.8,-68.3,40.62,100,100,29.93,sleet
16,Kaitangata,NZ,2022-06-08 19:30:06,-46.2817,169.8464,40.75,92,84,5.66,broken clouds
17,Kloulklubed,PW,2022-06-08 19:30:07,7.0419,134.2556,73.9,66,91,2.3,overcast clouds
18,Aswan,EG,2022-06-08 19:30:08,24.0934,32.907,97.9,13,0,0.0,clear sky
19,Saskylakh,RU,2022-06-08 19:30:08,71.9167,114.0833,52.65,79,69,1.41,light rain
20,Barrow,US,2022-06-08 19:30:09,71.2906,-156.7887,26.62,80,100,5.75,overcast clouds
21,Hermanus,ZA,2022-06-08 19:30:10,-34.4187,19.2345,63.61,69,41,12.8,scattered clouds
22,Port Elizabeth,ZA,2022-06-08 19:30:10,-33.918,25.5701,68.31,45,0,8.05,clear sky
23,Albany,US,2022-06-08 19:26:05,42.6001,-73.9662,76.78,51,11,1.01,few clouds
24,New Norfolk,AU,2022-06-08 19:30:11,-42.7826,147.0587,46.71,77,73,8.01,broken clouds
25,Hilo,US,2022-06-08 19:27:51,19.7297,-155.09,86.29,73,75,8.01,broken clouds
26,Cape Town,ZA,2022-06-08 19:30:14,-33.9258,18.4232,62.91,79,0,4.61,clear sky
27,Oranjemund,NA,2022-06-08 19:30:15,-28.55,16.4333,60.66,56,0,2.64,clear sky
28,Mataura,NZ,2022-06-08 19:30:15,-46.1927,168.8643,39.47,97,100,3.69,overcast clouds
29,Komsomolskiy,UZ,2022-06-08 19:30:17,40.4272,71.7189,79.52,25,100,9.22,overcast clouds
30,Atuona,PF,2022-06-08 19:30:17,-9.8,-139.0333,78.46,74,13,18.92,few clouds
31,Mar Del Plata,AR,2022-06-08 19:28:01,-38.0023,-57.5575,65.08,71,0,5.75,clear sky
32,Claye-Souilly,FR,2022-06-08 19:30:18,48.9449,2.6857,65.91,63,40,14.97,scattered clouds
33,Arraial Do Cabo,BR,2022-06-08 19:30:19,-22.9661,-42.0278,73.26,78,75,9.22,broken clouds
34,Longyearbyen,SJ,2022-06-08 19:30:19,78.2186,15.6401,40.84,75,100,3.44,overcast clouds
35,Talnakh,RU,2022-06-08 19:30:20,69.4865,88.3972,38.21,96,100,3.78,overcast clouds
36,Port Alfred,ZA,2022-06-08 19:30:20,-33.5906,26.891,68.5,41,0,9.08,clear sky
37,Port Augusta,AU,2022-06-08 19:30:21,-32.5,137.7667,48.69,83,26,5.64,scattered clouds
38,Thompson,CA,2022-06-08 19:26:29,55.7435,-97.8558,66.36,39,75,10.36,broken clouds
39,Teshie,GH,2022-06-08 19:30:22,5.5836,-0.1072,82.96,78,20,12.66,few clouds
40,Mayumba,GA,2022-06-08 19:30:22,-3.432,10.6554,73.98,86,7,3.87,clear sky
41,Portland,US,2022-06-08 19:27:57,45.5234,-122.6762,73.17,55,75,5.75,broken clouds
42,Hazorasp,UZ,2022-06-08 19:30:24,41.3194,61.0742,73.24,30,4,15.95,clear sky
43,Airai,TL,2022-06-08 19:30:26,-8.9266,125.4092,59.38,96,63,2.93,broken clouds
44,Marawi,PH,2022-06-08 19:30:26,7.9986,124.2928,68.92,93,100,2.55,overcast clouds
45,Arman,RU,2022-06-08 19:30:27,59.7,150.1667,44.53,86,100,5.55,overcast clouds
46,Vaini,TO,2022-06-08 19:30:29,-21.2,-175.2,73.56,78,20,6.91,few clouds
47,Lasa,IT,2022-06-08 19:30:30,46.6166,10.7002,59.88,96,100,3.27,light rain
48,Santa Rosa,PH,2022-06-08 19:30:32,14.3122,121.1114,81.1,90,100,3.74,overcast clouds
49,Mazamari,PE,2022-06-08 19:30:33,-11.3258,-74.5308,85.05,54,78,1.43,broken clouds
50,Linxia,CN,2022-06-08 19:30:33,35.6003,103.2064,57.94,69,100,5.08,overcast clouds
51,Qaanaaq,GL,2022-06-08 19:30:35,77.484,-69.3632,31.68,85,91,3.56,overcast clouds
52,Egvekinot,RU,2022-06-08 19:30:35,66.3167,-179.1667,39.96,43,26,8.12,scattered clouds
53,Gambela,ET,2022-06-08 19:30:38,8.25,34.5833,70.3,78,57,3.15,broken clouds
54,Cidreira,BR,2022-06-08 19:30:39,-30.1811,-50.2056,63.66,83,7,9.62,clear sky
55,Arlit,NE,2022-06-08 19:30:39,18.7369,7.3853,92.48,10,0,12.59,clear sky
56,Dzilam Gonzalez,MX,2022-06-08 19:30:40,21.2833,-88.9333,95.2,42,100,8.05,overcast clouds
57,Miri,MY,2022-06-08 19:30:40,4.4148,114.0089,78.94,100,40,1.14,scattered clouds
58,Sola,VU,2022-06-08 19:30:40,-13.8833,167.55,80.38,76,72,15.97,broken clouds
59,Busselton,AU,2022-06-08 19:30:42,-33.65,115.3333,58.8,59,52,16.51,broken clouds
60,Dikson,RU,2022-06-08 19:30:43,73.5069,80.5464,27.46,91,51,3.83,broken clouds
61,Manta,EC,2022-06-08 19:30:44,-0.95,-80.7333,78.58,73,75,11.5,broken clouds
62,Tasiilaq,GL,2022-06-08 19:30:44,65.6145,-37.6368,42.96,73,10,2.75,clear sky
63,Hambantota,LK,2022-06-08 19:30:45,6.1241,81.1185,79.99,82,100,17.72,overcast clouds
64,East London,ZA,2022-06-08 19:30:45,-33.0153,27.9116,66.38,43,0,5.82,clear sky
65,Butaritari,KI,2022-06-08 19:30:46,3.0707,172.7902,81.55,75,89,11.23,overcast clouds
66,Ostrovnoy,RU,2022-06-08 19:30:47,68.0531,39.5131,54.21,60,62,13.98,broken clouds
67,Saint-Philippe,RE,2022-06-08 19:30:48,-21.3585,55.7679,69.39,83,84,11.61,light rain
68,Jamestown,US,2022-06-08 19:30:32,42.097,-79.2353,72.01,48,75,6.91,broken clouds
69,Chase,CA,2022-06-08 19:30:14,50.8165,-119.6857,72.09,42,51,6.6,broken clouds
70,Zhenhai,CN,2022-06-08 19:30:49,24.2582,118.0905,71.08,96,100,10.56,heavy intensity rain
71,Georgetown,MY,2022-06-08 19:29:41,5.4112,100.3354,81.95,94,20,5.75,few clouds
72,Abbeville,FR,2022-06-08 19:30:51,50.1,1.8333,60.49,86,0,15.35,clear sky
73,Grindavik,IS,2022-06-08 19:30:52,63.8424,-22.4338,55.35,66,75,8.05,broken clouds
74,Muli,MV,2022-06-08 19:30:52,2.9167,73.5667,82.51,73,91,8.12,overcast clouds
75,Hithadhoo,MV,2022-06-08 19:30:53,-0.6,73.0833,82.69,73,100,7.2,overcast clouds
76,Iqaluit,CA,2022-06-08 19:30:12,63.7506,-68.5145,46.13,66,20,4.61,few clouds
77,Vila Franca Do Campo,PT,2022-06-08 19:30:55,37.7167,-25.4333,74.19,81,31,6.31,scattered clouds
78,Norman Wells,CA,2022-06-08 19:30:55,65.282,-126.8329,50.04,71,100,3.44,overcast clouds
79,Kapaa,US,2022-06-08 19:30:56,22.0752,-159.319,81.12,72,0,8.05,clear sky
80,Lompoc,US,2022-06-08 19:26:54,34.6391,-120.4579,89.78,56,0,23.0,clear sky
81,Dehloran,IR,2022-06-08 19:30:57,32.6941,47.2679,98.49,10,0,7.49,clear sky
82,Bathsheba,BB,2022-06-08 19:30:58,13.2167,-59.5167,86.61,70,40,19.57,scattered clouds
83,Ostersund,SE,2022-06-08 19:30:31,63.1792,14.6357,56.61,100,75,3.44,broken clouds
84,Victoria,HK,2022-06-08 19:30:18,22.2855,114.1577,80.33,92,100,5.99,moderate rain
85,Esperance,AU,2022-06-08 19:31:00,-33.8667,121.9,51.01,82,12,12.97,few clouds
86,Carauari,BR,2022-06-08 19:31:02,-4.8828,-66.8958,84.25,74,78,1.59,broken clouds
87,Sovetskiy,RU,2022-06-08 19:31:02,61.3614,63.5842,52.0,84,95,11.41,overcast clouds
88,Mao,ES,2022-06-08 19:31:03,39.8885,4.2658,73.96,78,40,10.36,scattered clouds
89,Bredasdorp,ZA,2022-06-08 19:31:04,-34.5322,20.0403,61.39,71,2,9.1,clear sky
90,Ribeira Grande,PT,2022-06-08 19:31:05,38.5167,-28.7,68.4,88,40,6.91,scattered clouds
91,Anamur,TR,2022-06-08 19:31:05,36.0751,32.8369,74.01,82,0,6.58,clear sky
92,Porto Torres,IT,2022-06-08 19:31:06,40.835,8.3972,73.58,81,57,7.47,broken clouds
93,Richards Bay,ZA,2022-06-08 19:31:07,-28.783,32.0377,61.72,89,0,7.83,clear sky
94,Luau,AO,2022-06-08 19:31:08,-10.7073,22.2247,58.89,47,91,5.3,overcast clouds
95,Hrubieszow,PL,2022-06-08 19:31:08,50.805,23.8925,63.93,84,27,7.52,scattered clouds
96,Bambous Virieux,MU,2022-06-08 19:31:09,-20.3428,57.7575,73.65,78,40,3.44,scattered clouds
97,Hasaki,JP,2022-06-08 19:31:09,35.7333,140.8333,61.2,85,98,13.42,overcast clouds
98,Moree,AU,2022-06-08 19:31:10,-29.4667,149.85,38.84,84,0,7.4,clear sky
99,Udachnyy,RU,2022-06-08 19:31:11,66.4167,112.4,46.45,75,6,6.04,clear sky
100,Bandarbeyla,SO,2022-06-08 19:31:11,9.4942,50.8122,81.66,72,67,17.54,broken clouds
101,Husavik,IS,2022-06-08 19:31:12,66.0449,-17.3389,47.71,87,100,3.38,overcast clouds
102,Upernavik,GL,2022-06-08 19:31:12,72.7868,-56.1549,34.34,95,100,9.28,overcast clouds
103,La Palma,US,2022-06-08 19:31:15,33.8464,-118.0467,93.67,67,40,8.05,scattered clouds
104,Chuy,UY,2022-06-08 19:31:16,-33.6971,-53.4616,60.42,77,40,3.65,scattered clouds
105,Mecca,SA,2022-06-08 19:29:53,21.4267,39.8261,91.9,28,0,4.36,clear sky
106,Tuatapere,NZ,2022-06-08 19:31:17,-46.1333,167.6833,42.13,92,21,4.16,few clouds
107,Phayao,TH,2022-06-08 19:31:17,19.25,100.25,71.94,97,100,2.59,overcast clouds
108,Alta Floresta,BR,2022-06-08 19:31:18,-9.8756,-56.0861,93.02,38,40,3.44,scattered clouds
109,Saint-Leu,RE,2022-06-08 19:31:18,-21.15,55.2833,68.86,80,48,14.94,light rain
110,Kodiak,US,2022-06-08 19:30:22,57.79,-152.4072,58.51,55,40,9.22,scattered clouds
111,Margate,GB,2022-06-08 19:31:19,51.3813,1.3862,62.31,74,3,3.0,clear sky
112,San Patricio,US,2022-06-08 19:31:19,28.017,-97.5169,97.52,38,6,18.41,clear sky
113,Wschowa,PL,2022-06-08 19:31:20,51.807,16.3166,67.46,60,3,7.99,clear sky
114,West Odessa,US,2022-06-08 19:31:23,31.8424,-102.4988,87.82,40,100,29.93,haze
115,Castro,BR,2022-06-08 19:31:24,-24.7911,-50.0119,60.67,82,52,3.33,broken clouds
116,Russell,US,2022-06-08 19:31:24,32.3502,-85.1999,86.13,83,40,0.0,scattered clouds
117,Tiksi,RU,2022-06-08 19:31:25,71.6872,128.8694,40.84,68,9,6.31,clear sky
118,Havoysund,NO,2022-06-08 19:31:25,70.9963,24.6622,44.83,85,36,28.72,scattered clouds
119,Avera,US,2022-06-08 19:31:26,33.194,-82.5271,89.65,37,92,16.08,overcast clouds
120,Tuktoyaktuk,CA,2022-06-08 19:31:27,69.4541,-133.0374,33.8,75,100,12.66,overcast clouds
121,Geraldton,AU,2022-06-08 19:31:27,-28.7667,114.6,63.01,94,100,2.3,overcast clouds
122,Kolondieba,ML,2022-06-08 19:31:28,11.0882,-6.8926,82.49,55,76,10.38,light rain
123,Weligama,LK,2022-06-08 19:31:28,5.9667,80.4167,78.28,86,98,10.89,overcast clouds
124,Inuvik,CA,2022-06-08 19:31:28,68.3499,-133.7218,32.76,77,100,11.5,overcast clouds
125,Natal,BR,2022-06-08 19:31:29,-5.795,-35.2094,86.22,70,20,12.66,few clouds
126,Pacocha,PE,2022-06-08 19:31:29,-17.5833,-71.3333,62.74,82,100,5.75,overcast clouds
127,Areosa,PT,2022-06-08 19:31:31,41.7178,-8.8571,65.01,96,100,2.89,overcast clouds
128,Borogontsy,RU,2022-06-08 19:31:31,62.6683,131.1683,59.47,69,8,5.41,clear sky
129,Bol,TD,2022-06-08 19:31:34,13.4586,14.7147,86.34,44,17,11.61,few clouds
130,Abomsa,ET,2022-06-08 19:31:34,9.9833,39.9833,80.94,31,59,7.4,broken clouds
131,Bengkulu,ID,2022-06-08 19:29:58,-3.8004,102.2655,74.89,92,100,4.65,overcast clouds
132,Maryborough,AU,2022-06-08 19:31:35,-25.5333,152.7,46.11,78,0,5.03,clear sky
133,Mangan,IN,2022-06-08 19:31:36,27.5167,88.5333,75.04,93,100,0.63,overcast clouds
134,Gamba,GA,2022-06-08 19:31:36,-2.65,10.0,73.4,90,75,3.22,broken clouds
135,Seddon,AU,2022-06-08 19:31:37,-37.8068,144.8916,50.99,85,75,13.8,broken clouds
136,Ponta Do Sol,PT,2022-06-08 19:31:37,32.6667,-17.1,73.71,83,1,4.94,clear sky
137,Kulhudhuffushi,MV,2022-06-08 19:31:37,6.6221,73.07,82.47,72,87,12.91,overcast clouds
138,Kokopo,PG,2022-06-08 19:31:38,-4.352,152.2633,76.03,83,96,3.2,overcast clouds
139,Conceicao Do Araguaia,BR,2022-06-08 19:31:38,-8.2578,-49.2647,87.78,46,19,3.65,few clouds
140,Pacific Grove,US,2022-06-08 19:31:40,36.6177,-121.9166,76.24,71,0,8.05,clear sky
141,Nome,US,2022-06-08 19:31:41,64.5011,-165.4064,66.16,65,0,4.61,clear sky
142,Bondo,CD,2022-06-08 19:31:41,3.8146,23.6866,66.78,99,100,0.54,overcast clouds
143,Chai Nat,TH,2022-06-08 19:31:42,15.1167,100.1,81.05,82,100,7.18,overcast clouds
144,Henderson,US,2022-06-08 19:31:42,36.0397,-114.9819,104.02,14,0,13.8,clear sky
145,Pittsfield,US,2022-06-08 19:30:38,42.4501,-73.2454,75.99,54,0,13.8,clear sky
146,Constantine,DZ,2022-06-08 19:30:53,36.365,6.6147,80.01,36,75,9.22,broken clouds
147,Hirara,JP,2022-06-08 19:31:44,24.8,125.2833,78.46,82,100,1.74,overcast clouds
148,Jovellar,PH,2022-06-08 19:31:45,13.0695,123.5999,77.29,91,100,2.59,overcast clouds
149,Kashi,CN,2022-06-08 19:31:47,39.4547,75.9797,72.61,46,75,11.18,broken clouds
150,Castelnau-Le-Lez,FR,2022-06-08 19:31:47,43.6333,3.9,75.76,53,0,12.66,clear sky
151,Magole,TZ,2022-06-08 19:31:48,-6.3667,37.3667,67.23,66,24,2.91,few clouds
152,Zyryanskoye,RU,2022-06-08 19:31:49,56.8306,86.6258,39.7,83,0,0.18,clear sky
153,Port Blair,IN,2022-06-08 19:31:49,11.6667,92.75,81.77,79,100,13.82,overcast clouds
154,Dali,CN,2022-06-08 19:31:49,25.7,100.1833,62.35,94,100,2.71,overcast clouds
155,Huarmey,PE,2022-06-08 19:31:50,-10.0681,-78.1522,68.83,77,93,11.05,overcast clouds
156,Madang,PG,2022-06-08 19:31:50,-5.2246,145.7966,75.25,91,99,3.62,overcast clouds
157,Sao Jose Da Coroa Grande,BR,2022-06-08 19:31:52,-8.8978,-35.1478,77.7,80,39,6.76,scattered clouds
158,Raudeberg,NO,2022-06-08 19:31:52,61.9875,5.1352,54.27,85,23,20.62,few clouds
159,Saldanha,ZA,2022-06-08 19:31:53,-33.0117,17.9442,59.05,89,70,8.55,broken clouds
160,Brownwood,US,2022-06-08 19:31:53,31.7093,-98.9912,87.12,48,0,14.97,clear sky
161,Avarua,CK,2022-06-08 19:31:56,-21.2078,-159.775,77.05,73,20,3.44,few clouds
162,Khatanga,RU,2022-06-08 19:31:57,71.9667,102.5,43.16,80,100,10.33,light rain
163,Urubicha,BO,2022-06-08 19:31:57,-15.3833,-62.95,75.11,90,53,1.83,broken clouds
164,Mount Isa,AU,2022-06-08 19:31:06,-20.7333,139.5,47.97,61,6,6.91,clear sky
165,Maridi,SS,2022-06-08 19:31:59,4.9158,29.4742,66.07,97,98,3.67,overcast clouds
166,Sibolga,ID,2022-06-08 19:31:59,1.7427,98.7792,75.34,91,79,3.38,broken clouds
167,Mangotsfield,GB,2022-06-08 19:32:00,51.4878,-2.504,61.34,77,40,20.71,scattered clouds
168,Port Keats,AU,2022-06-08 19:32:01,-14.25,129.55,72.23,47,100,13.56,overcast clouds
169,Coihaique,CL,2022-06-08 19:28:02,-45.5752,-72.0662,43.41,61,75,3.44,broken clouds
170,Puerto Ayora,EC,2022-06-08 19:32:04,-0.7393,-90.3518,76.96,86,48,5.01,scattered clouds
171,Rio Gallegos,AR,2022-06-08 19:31:36,-51.6226,-69.2181,37.45,93,75,26.46,moderate rain
172,Luderitz,NA,2022-06-08 19:32:05,-26.6481,15.1594,62.47,52,0,7.25,clear sky
173,Ondjiva,AO,2022-06-08 19:32:05,-17.0667,15.7333,56.52,45,1,7.02,clear sky
174,Yulara,AU,2022-06-08 19:32:06,-25.2406,130.9889,45.19,72,8,8.95,clear sky
175,Jaciara,BR,2022-06-08 19:32:07,-15.9653,-54.9683,82.17,54,86,3.71,overcast clouds
176,Namtsy,RU,2022-06-08 19:32:07,62.7161,129.6658,62.42,69,31,3.6,scattered clouds
177,Mugur-Aksy,RU,2022-06-08 19:32:08,50.35,90.5,41.32,69,4,6.24,clear sky
178,Mahebourg,MU,2022-06-08 19:32:09,-20.4081,57.7,73.69,78,40,3.44,scattered clouds
179,Constitucion,CL,2022-06-08 19:32:09,-35.3333,-72.4167,56.75,75,5,8.77,clear sky
180,Shelburne,CA,2022-06-08 19:32:10,44.0787,-80.2041,69.91,56,100,1.57,overcast clouds
181,Mackay,AU,2022-06-08 19:30:19,-21.15,149.2,48.69,64,3,15.39,clear sky
182,Sao Filipe,CV,2022-06-08 19:32:11,14.8961,-24.4956,74.03,83,1,9.66,clear sky
183,Kavieng,PG,2022-06-08 19:32:13,-2.5744,150.7967,80.89,65,5,8.97,clear sky
184,Vardo,NO,2022-06-08 19:32:14,70.3705,31.1107,46.38,81,0,0.0,clear sky
185,Pailon,BO,2022-06-08 19:32:14,-17.65,-62.75,82.08,54,60,7.49,broken clouds
186,Noumea,NC,2022-06-08 19:32:16,-22.2763,166.4572,75.0,99,100,7.78,overcast clouds
187,Pacifica,US,2022-06-08 19:27:39,37.6138,-122.4869,81.68,78,40,23.02,scattered clouds
188,Rocha,UY,2022-06-08 19:32:18,-34.4833,-54.3333,56.89,84,7,4.92,clear sky
189,Mafinga,TZ,2022-06-08 19:32:19,-7.25,35.0667,65.88,58,34,7.31,scattered clouds
190,Namatanai,PG,2022-06-08 19:32:20,-3.6667,152.4333,78.15,74,40,4.38,scattered clouds
191,Kenai,US,2022-06-08 19:32:21,60.5544,-151.2583,60.03,69,100,4.61,overcast clouds
192,Urucui,BR,2022-06-08 19:32:21,-7.2294,-44.5561,89.89,40,53,1.7,broken clouds
193,Ilulissat,GL,2022-06-08 19:32:22,69.2167,-51.1,42.82,56,75,6.91,broken clouds
194,Namibe,AO,2022-06-08 19:32:23,-15.1961,12.1522,72.66,58,69,4.54,broken clouds
195,Payakumbuh,ID,2022-06-08 19:32:23,-0.2202,100.6308,68.4,98,98,2.39,overcast clouds
196,Bouna,CI,2022-06-08 19:32:24,9.2667,-3.0,79.95,59,7,3.13,clear sky
197,Alice Springs,AU,2022-06-08 19:31:27,-23.7,133.8833,35.15,100,1,0.0,clear sky
198,Eyl,SO,2022-06-08 19:32:26,7.9803,49.8164,85.21,56,51,21.43,broken clouds
199,Bethel,US,2022-06-08 19:29:41,41.3712,-73.414,83.01,44,0,8.05,clear sky
200,Stornoway,GB,2022-06-08 19:32:30,58.2093,-6.3865,56.93,87,20,10.36,few clouds
201,Narsaq,GL,2022-06-08 19:32:31,60.9167,-46.05,61.02,64,100,6.38,overcast clouds
202,Valdepenas,ES,2022-06-08 19:32:32,38.7621,-3.3848,81.37,41,100,11.21,overcast clouds
203,Torbay,CA,2022-06-08 19:27:57,47.6666,-52.7314,56.28,66,20,11.5,few clouds
204,Abha,SA,2022-06-08 19:32:33,18.2164,42.5053,71.42,49,0,0.0,clear sky
205,Kijang,KR,2022-06-08 19:32:34,35.2442,129.2139,58.73,84,78,7.4,broken clouds
206,Havre-Saint-Pierre,CA,2022-06-08 19:32:35,50.2334,-63.5986,59.36,36,100,13.8,overcast clouds
207,Haines Junction,CA,2022-06-08 19:32:36,60.7522,-137.5108,62.55,36,100,4.61,overcast clouds
208,Henties Bay,NA,2022-06-08 19:32:37,-22.116,14.2845,65.93,53,0,10.33,clear sky
209,Monywa,MM,2022-06-08 19:32:39,22.1167,95.1333,82.09,71,100,11.68,overcast clouds
210,Vyartsilya,RU,2022-06-08 19:32:39,62.1764,30.693,52.88,94,100,5.77,overcast clouds
211,Nikolskoye,RU,2022-06-08 19:32:40,59.7035,30.7861,60.69,98,100,6.02,overcast clouds
212,Dunedin,NZ,2022-06-08 19:30:33,-45.8742,170.5036,44.06,82,57,5.21,broken clouds
213,Sri Aman,MY,2022-06-08 19:32:42,1.2376,111.4621,77.09,94,100,0.0,overcast clouds
214,Isangel,VU,2022-06-08 19:32:43,-19.55,169.2667,76.95,71,100,7.56,overcast clouds
215,Saint George,US,2022-06-08 19:27:57,37.1041,-113.5841,102.63,15,0,4.61,clear sky
216,Chirongui,YT,2022-06-08 19:32:43,-12.9319,45.1483,76.93,66,0,8.63,clear sky
217,Veraval,IN,2022-06-08 19:32:44,20.9,70.3667,83.93,85,24,12.82,few clouds
218,College,US,2022-06-08 19:32:44,64.8569,-147.8028,61.59,41,40,16.11,scattered clouds
219,Tura,IN,2022-06-08 19:32:45,25.5198,90.2201,74.16,97,100,5.44,overcast clouds
220,Omboue,GA,2022-06-08 19:32:45,-1.5746,9.2618,74.68,88,72,3.33,broken clouds
221,Acarau,BR,2022-06-08 19:32:46,-2.8856,-40.12,79.29,80,38,11.88,scattered clouds
222,Valparaiso,CL,2022-06-08 19:31:40,-33.0393,-71.6273,62.83,83,75,6.91,broken clouds
223,Yar-Sale,RU,2022-06-08 19:32:46,66.8333,70.8333,47.79,54,2,7.25,clear sky
224,Broken Hill,AU,2022-06-08 19:32:47,-31.95,141.4333,43.92,71,4,7.11,clear sky
225,Pangnirtung,CA,2022-06-08 19:32:47,66.1451,-65.7125,44.6,70,40,20.71,scattered clouds
226,Nakasongola,UG,2022-06-08 19:32:48,1.3089,32.4564,65.97,82,100,3.06,overcast clouds
227,Westerland,DE,2022-06-08 19:32:49,54.9079,8.3033,62.02,94,100,4.61,moderate rain
228,Bonavista,CA,2022-06-08 19:32:49,48.6499,-53.1147,42.51,68,1,10.16,clear sky
229,Songea,TZ,2022-06-08 19:32:50,-10.6833,35.65,61.95,77,40,0.0,scattered clouds
230,Koutsouras,GR,2022-06-08 19:32:50,35.0339,25.9469,77.11,59,0,0.72,clear sky
231,Chulym,RU,2022-06-08 19:32:51,55.0997,80.9572,50.02,68,100,11.68,overcast clouds
232,Malvern,US,2022-06-08 19:32:52,34.3623,-92.813,71.11,64,94,6.53,heavy intensity rain
233,Maiduguri,NG,2022-06-08 19:32:52,11.8464,13.1603,93.56,14,5,7.14,clear sky
234,Jumla,NP,2022-06-08 19:32:53,29.2747,82.1838,58.01,85,12,2.48,few clouds
235,Severo-Kurilsk,RU,2022-06-08 19:32:53,50.6789,156.125,43.43,79,100,6.76,overcast clouds
236,Sao Joao Da Barra,BR,2022-06-08 19:32:54,-21.6403,-41.0511,84.29,74,76,7.29,broken clouds
237,Imeni Zhelyabova,RU,2022-06-08 19:32:55,58.9544,36.5956,52.54,67,88,4.81,overcast clouds
238,Saint-Joseph,RE,2022-06-08 19:32:56,-21.3667,55.6167,68.38,83,85,11.25,light rain
239,Camabatela,AO,2022-06-08 19:32:56,-8.1881,15.375,62.04,49,21,3.2,few clouds
240,Cochrane,CA,2022-06-08 19:32:57,51.1834,-114.4687,70.54,42,0,12.66,clear sky
241,Hit,IQ,2022-06-08 19:32:57,33.6416,42.8251,91.9,15,0,4.76,clear sky
242,Jalu,LY,2022-06-08 19:32:58,29.0331,21.5482,86.45,28,0,14.16,clear sky
243,Santa Cruz,BO,2022-06-08 19:32:58,-17.8,-63.1667,80.65,61,75,17.27,broken clouds
244,Yerbogachen,RU,2022-06-08 19:32:59,61.2767,108.0108,43.45,77,94,3.87,overcast clouds
245,Teguldet,RU,2022-06-08 19:32:59,57.3064,88.1667,37.69,92,6,2.53,clear sky
246,Glinka,RU,2022-06-08 19:33:00,54.6404,32.8781,61.12,85,100,4.56,overcast clouds
247,Aykhal,RU,2022-06-08 19:33:00,66.0,111.5,48.43,62,11,4.97,few clouds
248,Lagoa,PT,2022-06-08 19:33:00,39.05,-27.9833,64.89,88,11,22.79,few clouds
249,George,ZA,2022-06-08 19:31:18,-33.963,22.4617,62.15,48,1,17.27,clear sky
250,Havre,FR,2022-06-08 19:33:01,49.5833,0.3333,61.2,82,100,16.11,overcast clouds
251,Mount Gambier,AU,2022-06-08 19:33:03,-37.8333,140.7667,48.11,93,75,10.36,broken clouds
252,Saiha,IN,2022-06-08 19:33:03,22.4833,92.9667,70.84,99,100,1.48,overcast clouds
253,Touros,BR,2022-06-08 19:32:41,-5.1989,-35.4608,79.36,80,8,10.0,clear sky
254,Haimen,CN,2022-06-08 19:33:04,23.1935,116.6142,73.29,94,100,14.25,light rain
255,Whitehorse,CA,2022-06-08 19:33:04,60.7161,-135.0538,67.1,36,20,6.91,few clouds
256,Tobane,BW,2022-06-08 19:33:05,-21.95,27.9,51.94,47,0,5.46,clear sky
257,Iskateley,RU,2022-06-08 19:33:05,67.6803,53.1512,52.45,61,81,8.48,broken clouds
258,Inirida,CO,2022-06-08 19:33:06,3.8653,-67.9239,77.95,82,100,2.1,overcast clouds
259,Provideniya,RU,2022-06-08 19:33:06,64.3833,-173.3,46.4,52,16,2.15,few clouds
260,Palmer,US,2022-06-08 19:33:07,42.1584,-72.3287,79.92,46,20,10.36,few clouds
261,Bilibino,RU,2022-06-08 19:33:07,68.0546,166.4372,56.08,54,95,5.68,overcast clouds
262,Poum,NC,2022-06-08 19:33:08,-20.2333,164.0167,74.43,88,100,21.14,overcast clouds
263,Souillac,MU,2022-06-08 19:33:08,-20.5167,57.5167,73.78,78,40,3.44,scattered clouds
264,Fortuna,US,2022-06-08 19:32:21,40.5982,-124.1573,68.94,67,0,13.8,clear sky
265,Lalibela,ET,2022-06-08 19:33:09,12.0333,39.0333,65.71,33,95,7.58,overcast clouds
266,Leningradskiy,RU,2022-06-08 19:33:09,69.3833,178.4167,36.64,66,3,13.38,clear sky
267,San Cristobal,VE,2022-06-08 19:31:45,7.7669,-72.225,78.98,69,96,4.47,overcast clouds
268,Meulaboh,ID,2022-06-08 19:33:11,4.1363,96.1285,76.42,92,100,4.56,overcast clouds
269,Gallipoli,TR,2022-06-08 19:33:11,40.4103,26.6708,71.46,74,42,4.9,scattered clouds
270,Romitan,UZ,2022-06-08 19:33:13,39.9343,64.3814,85.95,25,0,4.61,clear sky
271,Cayenne,GF,2022-06-08 19:30:05,4.9333,-52.3333,84.24,22,20,10.36,few clouds
272,Buluang,PH,2022-06-08 19:33:13,13.3068,123.3425,76.87,91,100,2.37,overcast clouds
273,Sinnamary,GF,2022-06-08 19:33:15,5.3833,-52.95,80.76,83,98,8.88,overcast clouds
274,Grand Gaube,MU,2022-06-08 19:33:16,-20.0064,57.6608,73.8,78,1,3.0,clear sky
275,Touho,NC,2022-06-08 19:33:16,-20.7833,165.2333,71.56,92,100,3.96,overcast clouds
276,Dasoguz,TM,2022-06-08 19:33:17,41.8363,59.9666,80.55,34,0,6.91,clear sky
277,Ketchikan,US,2022-06-08 19:31:59,55.3422,-131.6461,57.67,72,100,16.11,overcast clouds
278,Ulaangom,MN,2022-06-08 19:33:17,49.9811,92.0667,52.45,42,0,1.97,clear sky
279,Okhotsk,RU,2022-06-08 19:33:18,59.3833,143.3,41.95,91,100,8.88,overcast clouds
280,Tazovskiy,RU,2022-06-08 19:33:18,67.4667,78.7,37.6,64,18,3.96,few clouds
281,Nouadhibou,MR,2022-06-08 19:33:19,20.931,-17.0347,71.58,73,100,9.22,sand
282,Gorontalo,ID,2022-06-08 19:33:19,0.5412,123.0595,74.3,95,88,2.44,overcast clouds
283,Rorvik,NO,2022-06-08 19:33:20,64.8621,11.2373,51.78,76,0,16.11,clear sky
284,Bacolod,PH,2022-06-08 19:33:21,10.6667,122.95,78.12,81,100,4.16,overcast clouds
285,Nemuro,JP,2022-06-08 19:33:21,43.3236,145.575,47.48,89,100,8.3,overcast clouds
286,Gazanjyk,TM,2022-06-08 19:33:22,39.2446,55.5154,80.04,50,82,12.71,broken clouds
287,Ola,RU,2022-06-08 19:33:23,59.5833,151.2833,44.78,86,100,5.06,overcast clouds
288,Gladstone,AU,2022-06-08 19:31:46,-23.85,151.25,48.78,71,17,6.91,few clouds
289,Kamaishi,JP,2022-06-08 19:33:24,39.2667,141.8833,52.72,91,61,4.38,broken clouds
290,Tukrah,LY,2022-06-08 19:33:24,32.5341,20.5791,73.63,88,0,2.82,clear sky
291,Cherlak,RU,2022-06-08 19:33:24,54.155,74.8055,63.59,51,99,13.85,overcast clouds
292,Flinders,AU,2022-06-08 19:33:25,-34.5833,150.8552,51.19,64,0,8.01,clear sky
293,Saint-Augustin,CA,2022-06-08 19:33:26,51.226,-58.6502,58.6,36,100,15.12,overcast clouds
294,Bambanglipuro,ID,2022-06-08 19:33:26,-7.95,110.2833,76.1,89,100,3.0,overcast clouds
295,Kahului,US,2022-06-08 19:33:27,20.8947,-156.47,82.42,63,40,16.11,light rain
296,Casper,US,2022-06-08 19:30:49,42.8666,-106.3131,70.72,31,0,8.05,clear sky
297,Altinopolis,BR,2022-06-08 19:33:28,-21.0256,-47.3739,70.95,55,100,4.56,light rain
298,Alekseyevka,RU,2022-06-08 19:33:29,50.6309,38.6903,57.49,76,0,2.17,clear sky
299,Kodinsk,RU,2022-06-08 19:33:29,58.6881,99.1844,43.0,81,10,2.1,clear sky
300,Ambikapur,IN,2022-06-08 19:33:29,23.1167,83.2,83.17,23,99,0.74,overcast clouds
301,Tocopilla,CL,2022-06-08 19:33:30,-22.092,-70.1979,65.01,66,7,7.38,clear sky
302,Yarqa,JO,2022-06-08 19:33:31,31.9785,35.6947,77.05,42,0,2.68,clear sky
303,Sabang,ID,2022-06-08 19:33:31,5.8933,95.3214,83.08,76,100,13.49,overcast clouds
304,Tigil,RU,2022-06-08 19:33:32,57.8,158.6667,48.07,79,95,4.99,overcast clouds
305,Evensk,RU,2022-06-08 19:33:32,61.95,159.2333,47.19,79,100,5.3,overcast clouds
306,Yagodnoye,RU,2022-06-08 19:33:33,62.55,149.6667,38.66,98,100,4.65,heavy intensity rain
307,Altamira,BR,2022-06-08 19:33:33,-3.2033,-52.2064,76.41,94,100,2.62,overcast clouds
308,Roma,US,2022-06-08 19:33:34,43.2128,-75.4557,73.72,54,20,9.22,few clouds
309,Tomatlan,MX,2022-06-08 19:33:34,19.9333,-105.25,87.67,53,51,12.86,broken clouds
310,Marfino,RU,2022-06-08 19:33:35,55.7028,37.3822,62.85,45,0,0.0,clear sky
311,Codrington,AU,2022-06-08 19:33:35,-38.2667,141.9667,52.16,76,100,18.88,overcast clouds
312,Eureka,US,2022-06-08 19:29:36,40.8021,-124.1637,69.21,74,100,8.99,overcast clouds
313,Chilakalurupet,IN,2022-06-08 19:33:36,16.0833,80.1667,90.72,41,75,6.11,broken clouds
314,Cairns,AU,2022-06-08 19:30:34,-16.9167,145.7667,73.35,68,75,17.27,broken clouds
315,Nanortalik,GL,2022-06-08 19:33:39,60.1432,-45.2371,39.72,82,65,1.59,broken clouds
316,Ardesen,TR,2022-06-08 19:33:39,41.1911,40.9875,69.17,88,89,5.95,overcast clouds
317,Minab,IR,2022-06-08 19:33:40,27.1467,57.0801,89.96,46,7,3.24,clear sky
318,Key West,US,2022-06-08 19:29:34,24.5557,-81.7826,84.2,74,0,9.22,clear sky
319,Klaksvik,FO,2022-06-08 19:33:40,62.2266,-6.589,52.72,75,55,21.09,broken clouds
320,Chuncheng,CN,2022-06-08 19:33:41,22.1731,111.7886,74.73,99,100,4.27,light rain
321,Paamiut,GL,2022-06-08 19:33:41,61.994,-49.6678,38.16,85,0,9.57,clear sky
322,Vieste,IT,2022-06-08 19:33:42,41.8825,16.175,72.61,80,46,9.53,scattered clouds
323,Tessalit,ML,2022-06-08 19:33:42,20.1986,1.0114,96.01,15,99,9.24,overcast clouds
324,Mbuguni,TZ,2022-06-08 19:33:42,-3.5667,36.95,71.22,68,69,2.01,broken clouds
325,Fayaoue,NC,2022-06-08 19:33:43,-20.65,166.5333,78.03,78,100,14.12,light rain
326,Jarvakandi,EE,2022-06-08 19:33:43,58.7789,24.8258,58.95,98,100,4.59,overcast clouds
327,Panalingaan,PH,2022-06-08 19:33:44,8.7842,117.4231,78.8,85,97,3.09,overcast clouds
328,Altay,CN,2022-06-08 19:33:44,47.8667,88.1167,58.48,62,91,4.05,overcast clouds
329,Lorengau,PG,2022-06-08 19:33:45,-2.0226,147.2712,81.46,75,100,8.01,overcast clouds
330,Riyadh,SA,2022-06-08 19:32:45,24.6877,46.7219,98.74,7,0,3.69,clear sky
331,Atascadero,US,2022-06-08 19:33:45,35.4894,-120.6707,90.36,38,74,5.01,broken clouds
332,Ust-Ilimsk,RU,2022-06-08 19:33:46,58.0006,102.6619,41.68,80,7,1.43,clear sky
333,Praia Da Vitoria,PT,2022-06-08 19:33:47,38.7333,-27.0667,73.65,73,40,11.99,scattered clouds
334,Velizh,RU,2022-06-08 19:33:48,55.6056,31.1967,60.64,89,65,5.93,broken clouds
335,Inhambane,MZ,2022-06-08 19:33:49,-23.865,35.3833,66.18,72,40,4.61,scattered clouds
336,Anadyr,RU,2022-06-08 19:33:49,64.75,177.4833,43.3,56,0,6.71,clear sky
337,Kristiansund,NO,2022-06-08 19:33:50,63.1115,7.732,55.45,62,75,13.8,broken clouds
338,Praya,CV,2022-06-08 19:33:50,14.9215,-23.5087,77.54,73,75,14.97,broken clouds
339,Vestmannaeyjar,IS,2022-06-08 19:33:51,63.4427,-20.2734,50.99,76,40,24.16,scattered clouds
340,Shipunovo,RU,2022-06-08 19:33:51,52.1582,82.2173,54.03,83,75,9.73,broken clouds
341,Mareeba,AU,2022-06-08 19:33:51,-17.0,145.4333,68.72,97,100,2.93,overcast clouds
342,Nosy Varika,MG,2022-06-08 19:33:52,-20.5833,48.5333,69.53,87,98,5.48,moderate rain
343,Kruisfontein,ZA,2022-06-08 19:33:52,-34.0033,24.7314,65.34,33,0,8.72,clear sky
344,Saint-Paul-Les-Dax,FR,2022-06-08 19:33:53,43.7272,-1.0516,67.01,95,75,4.61,broken clouds
345,Boulsa,BF,2022-06-08 19:33:53,12.6675,-0.5758,94.03,29,17,6.17,few clouds
346,Cayeli,TR,2022-06-08 19:33:54,41.0923,40.7292,68.18,88,84,5.17,broken clouds
347,Luis Correia,BR,2022-06-08 19:33:54,-2.8792,-41.6669,87.8,70,20,11.5,few clouds
348,Kalispell,US,2022-06-08 19:33:55,48.1958,-114.3129,57.29,77,100,5.75,overcast clouds
349,Pocao De Pedras,BR,2022-06-08 19:33:55,-4.6667,-44.85,78.46,91,100,1.88,overcast clouds
350,Rakiv Lis,UA,2022-06-08 19:33:56,51.6217,24.9243,65.19,76,30,6.98,scattered clouds
351,Prabumulih,ID,2022-06-08 19:33:56,-3.45,104.25,73.02,98,100,1.54,overcast clouds
352,Wewak,PG,2022-06-08 19:33:57,-3.5534,143.6268,77.7,86,75,4.41,broken clouds
353,Casay,PH,2022-06-08 19:33:57,9.8204,123.5496,80.06,79,100,2.37,overcast clouds
354,Mahibadhoo,MV,2022-06-08 19:33:58,3.7833,72.9667,82.4,74,65,10.16,broken clouds
355,Oranjestad,AW,2022-06-08 19:30:41,12.524,-70.027,87.75,66,40,20.71,scattered clouds
356,Acheng,CN,2022-06-08 19:33:58,45.5454,126.977,55.89,86,22,4.0,few clouds
357,Leh,IN,2022-06-08 19:33:59,34.1667,77.5833,53.47,34,35,4.5,scattered clouds
358,Bilma,NE,2022-06-08 19:33:59,18.6853,12.9164,92.07,10,98,3.91,overcast clouds
359,Contamana,PE,2022-06-08 19:34:00,-7.3333,-75.0167,82.85,80,81,3.22,broken clouds
360,Skovorodino,RU,2022-06-08 19:34:00,53.9833,123.9167,54.86,85,30,3.31,scattered clouds
361,Gotsu,JP,2022-06-08 19:34:02,35.0,132.2167,58.77,86,1,3.91,clear sky
362,Redlands,US,2022-06-08 19:30:15,34.0556,-117.1825,100.4,38,0,5.75,haze
363,Quang Ngai,VN,2022-06-08 19:34:02,15.1167,108.8,76.06,86,100,5.57,overcast clouds
364,Diamantino,BR,2022-06-08 19:31:19,-14.4086,-56.4461,84.63,52,98,2.48,moderate rain
365,Marrakesh,MA,2022-06-08 19:34:03,31.6315,-8.0083,91.47,31,0,14.97,clear sky
366,Kamina,CD,2022-06-08 19:34:04,-8.7386,24.9906,59.88,52,58,3.8,broken clouds
367,Jishou,CN,2022-06-08 19:34:04,28.3167,109.7167,72.91,95,99,2.39,overcast clouds
368,Rampura,IN,2022-06-08 19:34:06,30.25,75.2333,93.76,16,1,5.91,clear sky
369,Pingliang,CN,2022-06-08 19:34:06,35.5392,106.6861,68.22,36,100,4.76,overcast clouds
370,Vila Velha,BR,2022-06-08 19:34:07,-20.3297,-40.2925,80.55,77,0,5.75,clear sky
371,Faanui,PF,2022-06-08 19:34:08,-16.4833,-151.75,80.8,70,0,10.54,clear sky
372,Llanes,ES,2022-06-08 19:34:09,43.4198,-4.7549,64.72,95,100,9.01,overcast clouds
373,Ornskoldsvik,SE,2022-06-08 19:34:10,63.2909,18.7153,51.94,95,100,3.18,overcast clouds
374,Beroroha,MG,2022-06-08 19:34:11,-21.6667,45.1667,64.74,75,0,3.69,clear sky
375,Hobyo,SO,2022-06-08 19:34:11,5.3505,48.5268,80.51,74,100,21.74,overcast clouds
376,Lerwick,GB,2022-06-08 19:34:12,60.1545,-1.1494,51.8,90,97,17.36,overcast clouds
377,Uray,RU,2022-06-08 19:34:12,60.1247,64.7758,51.89,97,100,12.33,overcast clouds
378,Kavaratti,IN,2022-06-08 19:34:13,10.5669,72.642,82.85,75,34,14.52,scattered clouds
379,San Jose,US,2022-06-08 19:34:14,37.3394,-121.895,84.25,51,75,14.97,broken clouds
380,Lazaro Cardenas,MX,2022-06-08 19:34:14,17.9583,-102.2,85.66,58,62,11.56,broken clouds
381,Baijiantan,CN,2022-06-08 19:34:15,45.6333,85.1833,76.03,20,0,1.68,clear sky
382,Rocky Mountain House,CA,2022-06-08 19:33:07,52.3668,-114.9188,62.71,59,83,3.44,broken clouds
383,Conde,BR,2022-06-08 19:34:16,-7.2597,-34.9075,80.06,78,20,11.5,few clouds
384,Bikaner,IN,2022-06-08 19:34:17,28.0167,73.3,91.83,19,81,16.11,broken clouds
385,Mehamn,NO,2022-06-08 19:34:18,71.0357,27.8492,48.11,79,7,26.73,clear sky
386,Dire,ML,2022-06-08 19:34:18,12.2833,-10.9667,87.69,44,54,2.35,broken clouds
387,Labuhan,ID,2022-06-08 19:34:19,-6.8844,112.2051,78.13,87,100,7.85,overcast clouds
388,Takoradi,GH,2022-06-08 19:34:19,4.8845,-1.7554,79.32,78,79,10.22,broken clouds
389,Moron,AR,2022-06-08 19:34:20,-34.6534,-58.6198,61.02,66,0,5.75,clear sky
390,Te Anau,NZ,2022-06-08 19:34:21,-45.4167,167.7167,42.67,95,86,2.64,light rain
391,Kupang,ID,2022-06-08 19:34:23,-10.1667,123.5833,79.14,82,97,12.15,overcast clouds
392,Fort Nelson,CA,2022-06-08 19:34:24,58.8053,-122.7002,71.19,46,75,4.61,broken clouds
393,Mandalgovi,MN,2022-06-08 19:34:24,45.7625,106.2708,47.41,75,41,11.68,scattered clouds
394,Puksoozero,RU,2022-06-08 19:34:25,62.5903,40.6066,59.0,68,100,3.56,overcast clouds
395,Curanilahue,CL,2022-06-08 19:34:25,-37.4667,-73.35,51.73,91,96,3.58,overcast clouds
396,Gualeguay,AR,2022-06-08 19:34:26,-33.1416,-59.3097,61.61,65,44,2.46,scattered clouds
397,Skibbereen,IE,2022-06-08 19:34:26,51.55,-9.2667,58.1,84,100,15.84,overcast clouds
398,Salalah,OM,2022-06-08 19:34:27,17.0151,54.0924,84.29,74,40,3.44,scattered clouds
399,Harper,LR,2022-06-08 19:34:28,4.375,-7.7169,78.64,74,3,6.98,clear sky
400,Newton,US,2022-06-08 19:30:15,42.337,-71.2092,82.94,47,0,16.11,clear sky
401,Tupik,RU,2022-06-08 19:34:30,54.4253,119.9327,51.62,85,89,0.83,overcast clouds
402,Sobolevo,RU,2022-06-08 19:34:30,54.4299,31.8996,63.5,80,100,5.7,overcast clouds
403,Bubaque,GW,2022-06-08 19:34:32,11.2833,-15.8333,81.36,80,0,12.03,clear sky
404,Hanyang,CN,2022-06-08 19:34:32,32.1371,105.5126,65.75,89,97,3.76,overcast clouds
405,Guerrero Negro,MX,2022-06-08 19:32:48,27.9769,-114.0611,72.77,57,7,14.88,clear sky
406,Kosai,JP,2022-06-08 19:34:33,34.7105,137.5316,62.92,77,29,5.86,scattered clouds
407,Xaxim,BR,2022-06-08 19:34:33,-26.9617,-52.5347,64.78,87,84,2.04,broken clouds
408,Tottori,JP,2022-06-08 19:34:34,35.5,134.2333,57.9,89,0,3.27,clear sky
409,Beloha,MG,2022-06-08 19:34:35,-25.1667,45.05,61.34,70,31,5.82,scattered clouds
410,Karamursel,TR,2022-06-08 19:34:35,40.6914,29.6157,67.08,84,10,4.18,clear sky
411,Simao,CN,2022-06-08 19:34:36,22.7886,100.9748,64.83,100,100,2.06,overcast clouds
412,Batemans Bay,AU,2022-06-08 19:34:36,-35.7167,150.1833,47.1,75,0,6.29,clear sky
413,Lavrentiya,RU,2022-06-08 19:34:37,65.5833,-171.0,39.88,63,5,8.39,clear sky
414,Manado,ID,2022-06-08 19:34:39,1.487,124.8455,74.17,100,20,2.3,few clouds
415,San Angelo,US,2022-06-08 19:34:39,31.4638,-100.437,93.42,38,40,24.16,scattered clouds
416,Kieta,PG,2022-06-08 19:34:40,-6.2167,155.6333,76.98,84,97,3.47,overcast clouds
417,Wageningen,NL,2022-06-08 19:32:09,51.9667,5.6667,60.93,95,100,7.87,overcast clouds
418,Kaeo,NZ,2022-06-08 19:34:41,-35.1,173.7833,60.33,97,100,10.47,overcast clouds
419,Beringovskiy,RU,2022-06-08 19:34:41,63.05,179.3167,37.99,68,4,13.47,clear sky
420,Pedra Azul,BR,2022-06-08 19:34:42,-16.0053,-41.2972,75.34,32,0,3.62,clear sky
421,Cap Malheureux,MU,2022-06-08 19:34:43,-19.9842,57.6142,70.47,78,0,3.0,clear sky
422,Nkan,GA,2022-06-08 19:34:43,0.3833,9.7833,72.21,93,100,4.74,overcast clouds
423,Ekibastuz,KZ,2022-06-08 19:34:44,51.6667,75.3667,74.37,39,99,6.26,overcast clouds
424,Neiafu,TO,2022-06-08 19:34:44,-18.65,-173.9833,75.88,78,20,4.61,few clouds
425,Port Hedland,AU,2022-06-08 19:31:30,-20.3167,118.5667,71.65,53,100,9.22,overcast clouds
426,Kushiro,JP,2022-06-08 19:34:45,42.975,144.3747,45.14,88,6,4.81,clear sky
427,Kolokani,ML,2022-06-08 19:34:46,13.5728,-8.0339,95.95,23,77,10.89,broken clouds
428,Coahuayana,MX,2022-06-08 19:34:46,18.7333,-103.6833,86.79,56,98,7.7,overcast clouds
429,Ust-Nera,RU,2022-06-08 19:34:47,64.5667,143.2,49.08,48,25,7.45,scattered clouds
430,Canon City,US,2022-06-08 19:31:40,38.441,-105.2424,77.4,32,0,11.5,clear sky
431,Hervey Bay,AU,2022-06-08 19:34:48,-25.2986,152.8535,46.02,77,0,5.99,clear sky
432,Pisco,PE,2022-06-08 19:34:49,-13.7,-76.2167,66.25,72,100,8.05,overcast clouds
433,Lata,PT,2022-06-08 19:34:49,40.1629,-8.3327,70.07,87,98,4.97,overcast clouds
434,Atar,MR,2022-06-08 19:34:50,20.5169,-13.0499,100.4,15,99,7.43,overcast clouds
435,Keuruu,FI,2022-06-08 19:34:50,62.2667,24.7,57.38,98,100,4.09,overcast clouds
436,Asfi,MA,2022-06-08 19:34:51,32.2994,-9.2372,70.03,83,3,24.09,clear sky
437,Miesbach,DE,2022-06-08 19:34:51,47.789,11.8338,55.94,97,100,6.87,overcast clouds
438,Ulu-Telyak,RU,2022-06-08 19:34:53,54.9086,56.9669,50.05,99,100,3.89,overcast clouds
439,Faya,SA,2022-06-08 19:34:54,18.3851,42.4509,71.71,43,75,1.23,broken clouds
440,Hami,CN,2022-06-08 19:34:55,42.8,93.45,72.03,12,0,8.57,clear sky
441,Otjimbingwe,NA,2022-06-08 19:34:55,-22.35,16.1333,61.81,28,0,6.91,clear sky
442,Bayangol,RU,2022-06-08 19:34:56,50.6977,103.4656,38.57,89,100,2.42,overcast clouds
443,Aripuana,BR,2022-06-08 19:34:58,-9.1667,-60.6333,83.48,62,97,2.19,moderate rain
444,Chabahar,IR,2022-06-08 19:34:59,25.2919,60.643,83.95,83,0,7.78,clear sky
445,Ruteng,ID,2022-06-08 19:34:59,-8.6136,120.4721,62.38,93,92,1.68,overcast clouds
446,Genhe,CN,2022-06-08 19:35:00,50.7833,121.5167,50.11,71,34,0.58,scattered clouds
447,Adrar,MR,2022-06-08 19:35:00,20.5022,-10.0711,97.54,12,11,11.03,few clouds
448,Maglajani,BA,2022-06-08 19:35:01,44.9486,17.3494,68.02,83,0,3.44,clear sky
449,Sambava,MG,2022-06-08 19:35:01,-14.2667,50.1667,71.28,87,7,12.53,clear sky
450,Hurghada,EG,2022-06-08 19:35:02,27.2574,33.8129,87.84,30,0,4.61,clear sky
451,Elizabeth City,US,2022-06-08 19:35:04,36.2946,-76.2511,90.05,68,75,6.91,broken clouds
452,Vila,PT,2022-06-08 19:35:04,42.0304,-8.1588,58.69,87,96,2.46,overcast clouds
453,Wolfville,CA,2022-06-08 19:35:05,45.0835,-64.3655,66.0,70,100,10.0,overcast clouds
454,Miguel Hidalgo,MX,2022-06-08 19:30:32,19.4225,-99.2028,78.21,32,40,4.0,scattered clouds
455,Brody,UA,2022-06-08 19:35:05,50.0879,25.1503,63.95,74,2,6.58,clear sky
456,Quatre Cocos,MU,2022-06-08 19:35:06,-20.2078,57.7625,73.51,79,29,12.53,scattered clouds
457,Torbat-E Jam,IR,2022-06-08 19:35:06,35.244,60.6225,79.83,15,1,4.16,clear sky
458,Boyabat,TR,2022-06-08 19:35:07,41.4689,34.7667,63.75,93,100,3.13,overcast clouds
459,Manzanillo,CU,2022-06-08 19:35:07,20.3433,-77.1167,84.33,63,100,7.43,overcast clouds
460,Conceicao Da Barra,BR,2022-06-08 19:35:08,-18.5933,-39.7322,73.38,76,0,7.31,clear sky
461,Nabire,ID,2022-06-08 19:35:08,-3.3667,135.4833,74.97,92,55,3.29,broken clouds
462,Aklavik,CA,2022-06-08 19:35:09,68.2191,-135.0107,37.36,75,100,11.79,overcast clouds
463,Suntar,RU,2022-06-08 19:35:09,62.1444,117.6319,55.49,87,88,4.27,overcast clouds
464,Broome,US,2022-06-08 19:35:10,42.2506,-75.833,75.45,53,0,3.44,clear sky
465,Verkhnevilyuysk,RU,2022-06-08 19:35:10,63.4453,120.3167,56.95,94,99,4.16,overcast clouds
466,Zhigansk,RU,2022-06-08 19:35:11,66.7697,123.3711,60.69,54,68,2.66,broken clouds
467,Quelimane,MZ,2022-06-08 19:35:12,-17.8786,36.8883,69.75,94,75,11.5,light intensity drizzle
468,Bintulu,MY,2022-06-08 19:35:12,3.1667,113.0333,77.41,94,20,5.01,few clouds
469,Boralday,KZ,2022-06-08 19:35:13,43.3578,76.8594,69.66,52,75,6.71,broken clouds
470,Springbok,ZA,2022-06-08 19:35:13,-29.6643,17.8865,53.19,38,0,1.72,clear sky
471,Honningsvag,NO,2022-06-08 19:35:14,70.9821,25.9704,44.35,70,40,16.11,scattered clouds
472,Ponta Delgada,PT,2022-06-08 19:35:14,37.7333,-25.6667,68.72,88,40,8.05,scattered clouds
473,Snyder,US,2022-06-08 19:35:15,32.7179,-100.9176,86.34,32,0,20.71,clear sky
474,Angoche,MZ,2022-06-08 19:35:15,-16.2325,39.9086,70.2,89,17,9.64,light rain
475,Asheboro,US,2022-06-08 19:35:16,35.7079,-79.8136,89.08,60,0,5.75,clear sky
476,Lampang,TH,2022-06-08 19:35:16,18.3333,99.5,74.25,95,100,2.01,overcast clouds
477,Shingu,JP,2022-06-08 19:35:17,33.7333,135.9833,61.21,85,1,4.5,clear sky
478,Mbini,GQ,2022-06-08 19:35:18,1.574,9.6134,74.62,86,100,0.6,overcast clouds
479,Gat,IL,2022-06-08 19:35:19,31.61,34.7642,78.4,67,0,1.57,clear sky
480,Grants Pass,US,2022-06-08 19:34:03,42.439,-123.3284,77.18,51,0,0.0,clear sky
481,La Union,PE,2022-06-08 19:34:53,-5.4,-80.75,79.18,48,100,12.93,overcast clouds
482,Camacha,PT,2022-06-08 19:35:23,33.0833,-16.3333,65.62,83,75,12.66,broken clouds
483,Fougeres,FR,2022-06-08 19:35:23,48.35,-1.2,62.46,85,100,11.59,overcast clouds
484,Samarai,PG,2022-06-08 19:35:24,-10.6167,150.6667,81.19,78,100,6.42,overcast clouds
485,Khani,GE,2022-06-08 19:35:25,41.9563,42.9566,60.37,97,100,3.83,overcast clouds
486,Dingle,PH,2022-06-08 19:35:25,10.9995,122.6711,77.4,87,100,3.09,overcast clouds
487,Ganzhou,CN,2022-06-08 19:32:53,28.8184,115.4327,72.16,87,98,3.11,overcast clouds
488,Tateyama,JP,2022-06-08 19:35:26,34.9833,139.8667,64.09,90,97,7.83,overcast clouds
489,Maun,BW,2022-06-08 19:35:27,-19.9833,23.4167,60.76,31,0,9.22,clear sky
490,The Valley,AI,2022-06-08 19:35:27,18.217,-63.0578,86.14,66,75,14.97,broken clouds
491,Kommunar,RU,2022-06-08 19:35:29,59.6206,30.39,60.33,98,100,6.62,overcast clouds
492,Laguna,US,2022-06-08 19:33:59,38.421,-121.4238,89.31,35,0,4.61,clear sky
493,Buin,CL,2022-06-08 19:35:30,-33.7333,-70.75,64.72,58,100,3.44,overcast clouds
494,Shu,KZ,2022-06-08 19:35:30,43.5983,73.7614,69.35,48,43,10.02,scattered clouds
495,Gambo,CF,2022-06-08 19:35:31,4.6482,22.2633,67.64,98,100,2.04,overcast clouds
496,Westport,US,2022-06-08 19:35:31,41.1415,-73.3579,85.28,42,0,6.91,clear sky
497,Rancho Palos Verdes,US,2022-06-08 19:35:33,33.7445,-118.387,86.07,81,20,11.5,few clouds
498,Fairbanks,US,2022-06-08 19:34:23,64.8378,-147.7164,61.61,41,0,16.11,clear sky
499,Bosaso,SO,2022-06-08 19:32:38,11.2842,49.1816,88.74,49,45,7.16,scattered clouds
500,Matam,SN,2022-06-08 19:35:36,15.6175,-13.3303,102.2,37,0,4.61,clear sky
501,Japura,ID,2022-06-08 19:35:36,-0.3167,102.35,73.04,98,77,1.83,broken clouds
502,Olinda,BR,2022-06-08 19:35:38,-8.0089,-34.8553,82.13,78,40,11.5,scattered clouds
503,Antofagasta,CL,2022-06-08 19:35:38,-23.65,-70.4,61.88,77,16,7.4,few clouds
504,Sobue,JP,2022-06-08 19:35:39,35.25,136.7167,67.1,76,6,3.36,clear sky
505,Sorong,ID,2022-06-08 19:35:39,-0.8833,131.25,78.51,84,72,5.68,broken clouds
506,Talaya,RU,2022-06-08 19:35:39,61.3833,152.75,47.95,68,72,13.13,broken clouds
507,Karratha,AU,2022-06-08 19:35:40,-20.7377,116.8463,71.94,51,100,12.55,overcast clouds
508,Tshikapa,CD,2022-06-08 19:35:40,-6.4167,20.8,71.26,39,7,2.3,clear sky
509,Itoman,JP,2022-06-08 19:35:42,26.1247,127.6694,73.42,88,100,2.3,light rain
510,Rio Grande,BR,2022-06-08 19:35:43,-32.035,-52.0986,69.91,83,63,4.41,broken clouds
511,Jacareacanga,BR,2022-06-08 19:35:44,-6.2222,-57.7528,83.71,67,100,2.35,moderate rain
512,Sorland,NO,2022-06-08 19:35:45,67.667,12.6934,46.26,76,5,16.71,clear sky
513,La Rioja,ES,2022-06-08 19:35:45,42.25,-2.5,62.38,96,100,5.03,overcast clouds
514,Batagay-Alyta,RU,2022-06-08 19:35:46,67.8006,130.4114,57.51,38,6,3.87,clear sky
515,Dongfeng,CN,2022-06-08 19:35:46,42.6403,125.5118,55.0,95,100,0.29,overcast clouds
516,Marzuq,YE,2022-06-08 19:35:47,14.4,46.4667,78.78,51,74,6.08,broken clouds
517,Korla,CN,2022-06-08 19:35:47,41.7597,86.1469,75.61,20,0,2.82,clear sky
518,Vitry-Le-Francois,FR,2022-06-08 19:35:48,48.7333,4.5833,63.01,93,33,8.19,scattered clouds
519,Viedma,AR,2022-06-08 19:35:48,-40.8135,-62.9967,61.09,41,54,20.15,broken clouds
520,Aksarka,RU,2022-06-08 19:35:49,66.5606,67.7975,58.62,45,4,7.47,clear sky
521,Prata,BR,2022-06-08 19:35:49,-19.3072,-48.9242,79.86,40,100,5.44,overcast clouds
522,Livramento,BR,2022-06-08 19:35:50,-3.0254,-60.1803,79.48,83,75,4.61,light rain
523,Suez,EG,2022-06-08 19:35:50,29.9737,32.5263,78.17,49,0,11.86,clear sky
524,Cody,US,2022-06-08 19:32:14,44.5263,-109.0565,68.92,36,0,6.91,clear sky
525,Port Moresby,PG,2022-06-08 19:35:52,-9.4431,147.1797,74.62,100,40,3.44,scattered clouds
526,Umm Kaddadah,SD,2022-06-08 19:35:53,13.6017,26.6876,82.0,51,100,16.55,overcast clouds
527,Brae,GB,2022-06-08 19:35:53,60.3964,-1.353,49.89,85,100,18.32,overcast clouds
528,Bay Roberts,CA,2022-06-08 19:35:54,47.5999,-53.2648,54.03,56,0,4.0,clear sky
529,Maragogi,BR,2022-06-08 19:35:49,-9.0122,-35.2225,77.23,82,21,6.55,few clouds
530,Mishelevka,RU,2022-06-08 19:35:56,52.8575,103.1719,43.63,82,100,6.13,overcast clouds
531,Tarrafal,CV,2022-06-08 19:35:57,15.2833,-23.7667,77.79,88,27,11.52,scattered clouds
532,Port Macquarie,AU,2022-06-08 19:35:57,-31.4333,152.9167,35.89,78,0,7.11,clear sky
533,Wonthaggi,AU,2022-06-08 19:35:58,-38.6044,145.5913,48.81,78,99,23.71,light rain
534,Waipawa,NZ,2022-06-08 19:35:58,-41.4122,175.5153,53.82,76,27,14.32,scattered clouds
535,Perehonivka,UA,2022-06-08 19:35:59,48.5355,30.5192,69.28,58,97,6.38,overcast clouds
536,Knysna,ZA,2022-06-08 19:36:00,-34.0363,23.0471,67.35,42,1,6.51,clear sky
537,Kefamenanu,ID,2022-06-08 19:36:01,-9.4467,124.4781,72.05,93,97,3.56,overcast clouds
538,Yekaterinoslavka,RU,2022-06-08 19:36:01,50.3734,129.1139,57.78,89,100,5.5,moderate rain
539,Sayyan,YE,2022-06-08 19:36:02,15.1718,44.3244,65.62,33,85,0.85,overcast clouds
540,Camiri,BO,2022-06-08 19:36:02,-20.05,-63.5167,73.18,56,75,0.0,broken clouds
541,Khartoum,SD,2022-06-08 19:31:58,15.5518,32.5324,96.03,37,21,3.0,few clouds
542,Kupino,RU,2022-06-08 19:36:03,54.3663,77.2981,61.18,62,100,18.39,overcast clouds
543,Toguchin,RU,2022-06-08 19:36:03,55.2353,84.3858,43.11,80,100,6.69,overcast clouds
544,Daru,PG,2022-06-08 19:36:04,-9.0763,143.2092,78.06,88,100,11.14,moderate rain
545,Sarkand,KZ,2022-06-08 19:36:05,45.41,79.9186,65.48,42,0,7.81,clear sky
546,Maceio,BR,2022-06-08 19:32:30,-9.6658,-35.7353,80.04,69,40,6.91,scattered clouds
547,Bandrele,YT,2022-06-08 19:36:06,-12.9067,45.1914,76.75,73,0,9.22,clear sky
548,Lugazi,UG,2022-06-08 19:36:07,0.3772,32.9197,63.91,87,96,0.45,overcast clouds
549,Komatipoort,ZA,2022-06-08 19:36:07,-25.4332,31.9548,57.27,92,0,0.29,clear sky
550,Olafsvik,IS,2022-06-08 19:36:08,64.8945,-23.7142,50.76,83,100,4.23,overcast clouds
551,Comodoro Rivadavia,AR,2022-06-08 19:33:49,-45.8667,-67.5,53.46,58,40,28.77,scattered clouds
552,Road Town,VG,2022-06-08 19:36:08,18.4167,-64.6167,86.04,66,40,11.5,scattered clouds
553,Clyde River,CA,2022-06-08 19:36:09,70.4692,-68.5914,34.03,100,100,12.66,overcast clouds
554,Bari,IT,2022-06-08 19:33:05,41.1177,16.8512,72.88,83,40,6.91,scattered clouds
555,Chicama,PE,2022-06-08 19:36:12,-7.8447,-79.1469,64.94,63,32,11.59,scattered clouds
556,Tadine,NC,2022-06-08 19:36:13,-21.55,167.8833,76.84,78,100,13.33,overcast clouds
557,Beirut,LB,2022-06-08 19:34:29,33.8889,35.4944,74.14,83,75,13.8,broken clouds
558,Byron Bay,AU,2022-06-08 19:31:20,-28.65,153.6167,42.71,67,0,7.14,clear sky
559,Padang,ID,2022-06-08 19:36:14,-0.9492,100.3543,75.81,89,100,4.05,light rain
560,Cervo,ES,2022-06-08 19:36:15,43.6702,-7.4101,62.96,95,100,6.64,overcast clouds
561,Amahai,ID,2022-06-08 19:36:15,-3.3333,128.9167,77.5,85,95,2.91,overcast clouds
562,Oistins,BB,2022-06-08 19:36:16,13.0667,-59.5333,86.09,70,40,19.57,scattered clouds
563,Benghazi,LY,2022-06-08 19:36:16,32.1167,20.0667,75.33,78,0,9.28,clear sky
564,Bokoro,TD,2022-06-08 19:36:18,12.3807,17.0568,97.63,11,100,3.83,overcast clouds
565,Kirakira,SB,2022-06-08 19:36:18,-10.4544,161.9205,78.55,83,100,4.34,heavy intensity rain
566,Sechura,PE,2022-06-08 19:36:19,-5.5569,-80.8222,75.06,59,96,12.8,overcast clouds
567,Toamasina,MG,2022-06-08 19:36:19,-18.1667,49.3833,68.0,94,40,5.75,scattered clouds
568,Hovd,MN,2022-06-08 19:36:20,48.0056,91.6419,56.52,34,5,3.51,clear sky
569,Lincoln,US,2022-06-08 19:36:20,40.8,-96.667,77.9,54,20,13.8,few clouds
570,Coria,ES,2022-06-08 19:36:21,39.9879,-6.5377,76.44,53,17,11.77,few clouds
571,Novikovo,RU,2022-06-08 19:36:21,51.1537,37.8879,58.35,69,0,1.45,clear sky
572,Sitka,US,2022-06-08 19:33:10,57.0531,-135.33,60.69,51,75,17.27,broken clouds
573,Pemba,MZ,2022-06-08 19:36:23,-12.974,40.5178,77.7,73,20,12.66,few clouds
574,Serebryansk,KZ,2022-06-08 19:36:23,49.6925,83.2892,56.66,82,51,0.67,broken clouds
575,Gouyave,GD,2022-06-08 19:36:24,12.1646,-61.7296,86.77,66,75,23.02,broken clouds
576,Phan Thiet,VN,2022-06-08 19:36:24,10.9333,108.1,77.67,85,100,4.09,overcast clouds
577,Nardaran,AZ,2022-06-08 19:36:25,40.5561,50.0056,65.84,77,0,9.22,clear sky
578,Acajutla,SV,2022-06-08 19:36:25,13.5928,-89.8275,83.48,69,100,7.07,overcast clouds
579,La Maddalena,IT,2022-06-08 19:36:26,41.2142,9.4083,77.05,77,100,23.22,overcast clouds
580,Necochea,AR,2022-06-08 19:34:21,-38.5473,-58.7368,58.28,52,7,4.12,clear sky
581,Saint-Pierre,RE,2022-06-08 19:36:27,-21.3393,55.4781,69.48,88,75,4.61,broken clouds
582,Gornorechenskiy,RU,2022-06-08 19:36:28,44.2624,135.1133,48.09,95,84,1.48,broken clouds
583,Los Negros,BO,2022-06-08 19:36:28,-17.7333,-63.4333,80.73,86,25,5.57,scattered clouds
584,Mayo,US,2022-06-08 19:36:29,38.8876,-76.5119,90.01,62,0,9.22,clear sky
585,Port Hardy,CA,2022-06-08 19:36:29,50.6996,-127.4199,60.98,55,75,12.66,broken clouds
586,Qingdao,CN,2022-06-08 19:36:30,36.0986,120.3719,65.8,94,75,8.95,broken clouds
587,Bereda,ES,2022-06-08 19:36:30,43.2686,-7.5406,66.42,99,97,1.3,overcast clouds
588,Palestine,PS,2022-06-08 19:36:31,31.9216,35.2033,69.94,62,0,4.09,clear sky
589,Scarborough,GB,2022-06-08 19:35:36,54.2797,-0.4044,60.33,74,0,1.99,clear sky
590,Deming,US,2022-06-08 19:36:32,32.2687,-107.7586,100.29,7,0,6.91,clear sky
591,Mitsamiouli,KM,2022-06-08 19:36:32,-11.3847,43.2844,79.03,72,16,7.83,few clouds
592,Saurimo,AO,2022-06-08 19:36:33,-9.6608,20.3916,60.21,47,67,5.66,broken clouds
593,Homer,US,2022-06-08 19:35:39,59.6425,-151.5483,55.78,77,75,5.75,broken clouds
594,Florianopolis,BR,2022-06-08 19:33:32,-27.6146,-48.5012,68.63,84,40,5.75,scattered clouds
595,Qeshm,IR,2022-06-08 19:36:34,26.9581,56.2719,85.87,65,1,2.75,clear sky
596,Yashkino,RU,2022-06-08 19:36:34,55.8736,85.4265,39.43,83,100,4.45,overcast clouds
597,Roald,NO,2022-06-08 19:36:35,62.5833,6.1333,56.32,81,98,21.85,overcast clouds
598,Ilebo,CD,2022-06-08 19:36:35,-4.3167,20.5833,72.57,55,100,1.05,overcast clouds
599,Limbang,MY,2022-06-08 19:36:36,4.75,115.0,75.31,99,100,1.92,overcast clouds
600,Freeport,US,2022-06-08 19:34:47,40.6576,-73.5832,88.29,45,0,14.0,clear sky
601,Asau,RO,2022-06-08 19:34:54,46.4333,26.4,65.32,81,49,2.84,scattered clouds
602,Coquimbo,CL,2022-06-08 19:33:58,-29.9533,-71.3436,60.53,67,20,8.05,few clouds
603,Yangjiang,CN,2022-06-08 19:36:37,21.85,111.9667,75.09,94,100,10.33,overcast clouds
604,Cockburn Town,TC,2022-06-08 19:32:24,21.4612,-71.1419,85.96,70,40,9.22,scattered clouds
605,Iralaya,HN,2022-06-08 19:36:38,15.0,-83.2333,82.72,82,39,13.4,scattered clouds
606,Yarovoye,RU,2022-06-08 19:36:39,52.9273,78.58,64.04,49,100,15.66,overcast clouds
607,Vila Do Maio,CV,2022-06-08 19:36:39,15.1333,-23.2167,77.79,87,8,4.52,clear sky
608,Milford,US,2022-06-08 19:34:02,41.2223,-73.0565,84.42,43,0,10.36,clear sky
609,Yakeshi,CN,2022-06-08 19:36:41,49.2833,120.7333,50.18,73,9,3.4,clear sky
610,Ancud,CL,2022-06-08 19:36:41,-41.8697,-73.8203,47.23,79,100,17.25,overcast clouds
611,Pedernales,DO,2022-06-08 19:36:42,18.0384,-71.744,86.18,58,19,5.03,few clouds
612,Mathbaria,BD,2022-06-08 19:36:42,22.2876,89.9593,82.76,87,75,10.27,broken clouds
613,Lively,CA,2022-06-08 19:36:43,46.4334,-81.1498,68.92,77,99,6.6,overcast clouds
614,Merritt,CA,2022-06-08 19:36:43,50.1123,-120.7942,69.22,34,83,10.42,broken clouds
615,Svetlaya,RU,2022-06-08 19:36:45,46.5389,138.3297,47.28,87,100,2.62,overcast clouds
616,Tandur,IN,2022-06-08 19:36:45,17.2333,77.5833,79.47,72,97,23.69,overcast clouds
617,Ratnagiri,IN,2022-06-08 19:36:46,16.9833,73.3,82.18,79,91,5.14,overcast clouds
618,Portmore,JM,2022-06-08 19:36:46,17.9702,-76.8672,92.05,63,20,24.16,few clouds
619,Van Buren,US,2022-06-08 19:34:26,35.4368,-94.3483,69.82,88,100,8.05,heavy intensity rain
620,Sur,OM,2022-06-08 19:36:47,22.5667,59.5289,86.38,66,0,14.45,clear sky
621,Izhmorskiy,RU,2022-06-08 19:36:48,56.194,86.6414,38.03,82,1,2.42,clear sky
622,Carutapera,BR,2022-06-08 19:36:49,-1.195,-46.02,80.62,81,71,7.61,broken clouds
623,Chumikan,RU,2022-06-08 19:36:49,54.7183,135.315,37.47,99,100,2.33,overcast clouds
624,Berezovyy,RU,2022-06-08 19:36:52,51.6667,135.7,48.96,95,100,4.0,overcast clouds
625,Chimbote,PE,2022-06-08 19:34:58,-9.0853,-78.5783,69.15,74,24,11.83,few clouds
626,Emilio Carranza,MX,2022-06-08 19:36:53,19.9711,-96.6114,88.09,60,84,13.13,broken clouds
627,Beisfjord,NO,2022-06-08 19:36:53,68.3751,17.5988,48.04,76,68,4.12,broken clouds
628,Kudahuvadhoo,MV,2022-06-08 19:36:54,2.6708,72.8944,82.36,72,97,7.78,overcast clouds
629,Hofn,IS,2022-06-08 19:36:56,64.2539,-15.2082,51.82,66,75,10.36,broken clouds
630,Itarema,BR,2022-06-08 19:36:57,-2.9248,-39.9167,78.55,80,65,10.94,broken clouds
631,Matamoros,MX,2022-06-08 19:36:58,25.5333,-103.25,93.31,21,0,0.0,clear sky
632,Zaoyang,CN,2022-06-08 19:36:59,32.1272,112.7542,73.56,62,4,5.84,clear sky
633,Nortelandia,BR,2022-06-08 19:36:59,-14.4547,-56.8028,86.38,49,82,1.1,moderate rain
634,Capreol,CA,2022-06-08 19:37:00,46.706,-80.9225,68.47,45,75,5.75,broken clouds
635,Solnechnyy,RU,2022-06-08 19:37:00,50.7214,136.6319,47.43,94,100,7.11,light rain
636,Shakawe,BW,2022-06-08 19:37:00,-18.3667,21.85,52.48,27,0,5.75,clear sky
637,Green River,US,2022-06-08 19:37:01,41.5286,-109.4662,79.2,22,45,1.01,scattered clouds
638,Nazarovo,RU,2022-06-08 19:37:02,56.0064,90.3914,41.74,80,69,2.73,broken clouds
639,Menongue,AO,2022-06-08 19:37:02,-14.6585,17.691,52.39,63,18,4.29,few clouds
640,Puerto Escondido,MX,2022-06-08 19:36:41,15.85,-97.0667,86.83,58,0,8.05,clear sky
641,Tonj,SS,2022-06-08 19:37:03,7.2737,28.6822,70.39,91,87,3.53,overcast clouds
642,Seoul,KR,2022-06-08 19:37:04,37.5683,126.9778,64.0,83,100,3.44,light rain
643,Morondava,MG,2022-06-08 19:37:04,-20.2833,44.2833,72.05,74,0,7.96,clear sky
644,Sao Caitano,BR,2022-06-08 19:37:05,-8.3258,-36.1428,71.31,85,94,6.22,overcast clouds
645,Rayachoti,IN,2022-06-08 19:37:05,14.05,78.75,85.93,54,78,9.98,broken clouds
646,Imbituba,BR,2022-06-08 19:37:05,-28.24,-48.6703,66.85,88,68,4.16,broken clouds
647,Mpulungu,ZM,2022-06-08 19:37:06,-8.7623,31.1141,68.14,62,100,9.04,overcast clouds
648,Puerto Ayacucho,VE,2022-06-08 19:37:07,5.6639,-67.6236,82.49,73,76,0.31,heavy intensity rain
649,Hastings,GB,2022-06-08 19:37:07,50.8552,0.5729,62.33,71,8,14.61,clear sky
650,Yining,CN,2022-06-08 19:37:09,29.0361,114.5636,72.55,95,95,2.59,overcast clouds
651,Abonnema,NG,2022-06-08 19:37:10,4.7084,6.7931,80.89,87,100,5.77,overcast clouds
652,Pemangkat,ID,2022-06-08 19:37:11,1.1667,108.9667,77.86,85,100,3.09,overcast clouds
653,Naze,JP,2022-06-08 19:37:11,28.3667,129.4833,68.92,83,100,2.51,overcast clouds
654,Ust-Tsilma,RU,2022-06-08 19:37:12,65.441,52.1498,61.23,56,92,4.99,overcast clouds
655,Guantanamo,CU,2022-06-08 19:37:12,20.1444,-75.2092,86.47,51,98,6.96,overcast clouds
656,Kankon,IN,2022-06-08 19:37:13,15.0167,74.0167,80.4,84,71,5.23,broken clouds
657,Houston,US,2022-06-08 19:34:14,29.7633,-95.3633,100.02,51,40,5.75,scattered clouds
658,Ternovka,RU,2022-06-08 19:37:13,51.678,41.6375,54.23,80,0,4.65,clear sky
659,Atasu,KZ,2022-06-08 19:37:14,48.6814,71.6433,77.18,16,93,17.9,overcast clouds
660,Fez,MA,2022-06-08 19:37:14,34.0372,-4.9998,84.45,34,20,11.5,few clouds
661,Merauke,ID,2022-06-08 19:37:15,-8.4667,140.3333,78.26,85,100,10.78,overcast clouds
662,Tucurui,BR,2022-06-08 19:32:49,-3.7661,-49.6725,80.04,84,89,0.94,overcast clouds
663,Rassvet,RU,2022-06-08 19:37:15,46.8333,40.75,69.64,62,54,4.47,broken clouds
664,Immenstadt,DE,2022-06-08 19:37:16,47.561,10.2199,55.49,86,100,3.0,light rain
665,Ayan,RU,2022-06-08 19:37:17,56.45,138.1667,41.13,96,92,10.67,overcast clouds
666,Marsh Harbour,BS,2022-06-08 19:37:17,26.5412,-77.0636,82.38,70,14,10.96,few clouds
667,Camana,PE,2022-06-08 19:37:19,-16.6228,-72.7111,64.47,84,96,7.05,overcast clouds
668,Dunda,TZ,2022-06-08 19:37:19,-8.1167,34.25,59.52,70,5,1.79,clear sky
669,La Paz,BO,2022-06-08 19:37:19,-16.5,-68.15,60.78,7,20,11.5,few clouds
670,Osypenko,UA,2022-06-08 19:37:20,46.9136,36.8253,68.5,60,90,10.83,overcast clouds
671,Liku,ID,2022-06-08 19:37:20,-0.7275,119.8922,74.52,88,99,2.8,overcast clouds
672,Ahipara,NZ,2022-06-08 19:37:21,-35.1667,173.1667,59.81,85,100,10.47,overcast clouds
673,Xuzhou,CN,2022-06-08 19:37:22,34.1805,117.1571,72.34,67,26,6.11,scattered clouds
674,Baturaja,ID,2022-06-08 19:37:23,-4.1333,104.1667,72.86,98,100,1.41,overcast clouds
675,Alofi,NU,2022-06-08 19:37:23,-19.0595,-169.9187,73.29,83,24,5.75,few clouds
